"ActivityRecognitionEvent.java","getActivity","1"
"ActivityRecognitionEvent.java","getEventType","1"
"ActivityRecognitionEvent.java","newArray","1"
"ActivityRecognitionEvent.java","createFromParcel","4"
"ActivityRecognitionEvent.java","toString","1"
"ActivityRecognitionEvent.java","getTimestampNs","1"
"ActivityRecognitionEvent.java","describeContents","1"
"ActivityRecognitionEvent.java","writeToParcel","3"
"ActivityRecognitionHardware.java","isActivitySupported","3"
"ActivityRecognitionHardware.java","getSupportedActivities","2"
"ActivityRecognitionHardware.java","registerSink","2"
"ActivityRecognitionHardware.java","nativeEnableActivityEvent","0"
"ActivityRecognitionHardware.java","checkPermissions","1"
"ActivityRecognitionHardware.java","nativeRelease","0"
"ActivityRecognitionHardware.java","disableActivityEventIfEnabled","7"
"ActivityRecognitionHardware.java","isSupported","1"
"ActivityRecognitionHardware.java","nativeDisableActivityEvent","0"
"ActivityRecognitionHardware.java","onActivityChanged","23"
"ActivityRecognitionHardware.java","nativeInitialize","0"
"ActivityRecognitionHardware.java","unregisterSink","2"
"ActivityRecognitionHardware.java","nativeFlush","0"
"ActivityRecognitionHardware.java","onCallbackDied","13"
"ActivityRecognitionHardware.java","enableActivityEvent","11"
"ActivityRecognitionHardware.java","disableActivityEvent","11"
"ActivityRecognitionHardware.java","flush","3"
"ActivityRecognitionHardware.java","getActivityName","6"
"ActivityRecognitionHardware.java","getActivityType","10"
"ActivityRecognitionHardware.java","nativeIsSupported","0"
"ActivityRecognitionHardware.java","nativeGetSupportedActivities","0"
"ActivityRecognitionHardware.java","getInstance","6"
"ActivityRecognitionHardware.java","fetchSupportedActivities","5"
"ActivityRecognitionHardware.java","nativeClassInit","0"
"ActivityChangedEvent.java","getActivityRecognitionEvents","1"
"ActivityChangedEvent.java","newArray","1"
"ActivityChangedEvent.java","createFromParcel","4"
"ActivityChangedEvent.java","toString","7"
"ActivityChangedEvent.java","describeContents","1"
"ActivityChangedEvent.java","writeToParcel","3"
"ActivityManagerNative.java","noteWakeupAlarm","1"
"ActivityManagerNative.java","broadcastStickyIntent","1"
"ActivityManagerNative.java","noteAlarmStart","1"
"ActivityManagerNative.java","asInterface","1"
"ActivityManagerNative.java","getDefault","1"
"ActivityManagerNative.java","isSystemReady","1"
"ActivityManagerNative.java","noteAlarmFinish","1"
"ActivityManager.java","getResizeMode","1"
"ActivityManager.java","getLauncherLargeIconDensity","25"
"ActivityManager.java","getRawIcon","1"
"ActivityManager.java","getCurrentUser","7"
"ActivityManager.java","noteWakeupAlarm","4"
"ActivityManager.java","broadcastStickyIntent","5"
"ActivityManager.java","logoutCurrentUser","10"
"ActivityManager.java","onUidStateChanged","1"
"ActivityManager.java","getPrimaryColor","1"
"ActivityManager.java","setIsTranslucent","2"
"ActivityManager.java","getRunningServices","5"
"ActivityManager.java","addAppTask","35"
"ActivityManager.java","isStartResultFatalError","1"
"ActivityManager.java","getTopActivityComponent","1"
"ActivityManager.java","getMinHeight","1"
"ActivityManager.java","onUidActive","0"
"ActivityManager.java","getMemoryClass","1"
"ActivityManager.java","getIconResource","4"
"ActivityManager.java","setMinHeight","1"
"ActivityManager.java","alwaysShowUnsupportedCompileSdkWarning","5"
"ActivityManager.java","isSmallBatteryDevice","1"
"ActivityManager.java","getRecentTasks","8"
"ActivityManager.java","getRunningExternalApplications","5"
"ActivityManager.java","checkUidPermission","5"
"ActivityManager.java","getLockTaskModeState","5"
"ActivityManager.java","dumpService","37"
"ActivityManager.java","registerHomeVisibilityObserver","9"
"ActivityManager.java","createFromParcel","1"
"ActivityManager.java","getTaskInfo","5"
"ActivityManager.java","setRotation","2"
"ActivityManager.java","getColorSpace","1"
"ActivityManager.java","getLauncherLargeIconSize","1"
"ActivityManager.java","getPixelFormat","1"
"ActivityManager.java","getSystemUiVisibility","1"
"ActivityManager.java","isProfileForeground","9"
"ActivityManager.java","staticGetMemoryClass","7"
"ActivityManager.java","setVrThread","5"
"ActivityManager.java","isStartResultSuccessful","1"
"ActivityManager.java","saveToXml","16"
"ActivityManager.java","handleIncomingUser","8"
"ActivityManager.java","isLowRamDeviceStatic","1"
"ActivityManager.java","setPrimaryColor","5"
"ActivityManager.java","getIconResourcePackage","4"
"ActivityManager.java","restoreFromXml","21"
"ActivityManager.java","setWindowingMode","2"
"ActivityManager.java","moveTaskToFront","8"
"ActivityManager.java","scheduleApplicationInfoChanged","5"
"ActivityManager.java","getEnsureNavigationBarContrastWhenTransparent","1"
"ActivityManager.java","startActivity","2"
"ActivityManager.java","isForegroundService","1"
"ActivityManager.java","loadTaskDescriptionIcon","8"
"ActivityManager.java","resumeAppSwitches","1"
"ActivityManager.java","switchUser","4"
"ActivityManager.java","appNotResponding","5"
"ActivityManager.java","setPackageScreenCompatMode","5"
"ActivityManager.java","unregisterHomeVisibilityObserver","6"
"ActivityManager.java","setDeviceLocales","1"
"ActivityManager.java","updateMccMncConfiguration","8"
"ActivityManager.java","setProcessStateSummary","5"
"ActivityManager.java","isUserAMonkey","5"
"ActivityManager.java","isLowResolution","1"
"ActivityManager.java","getLauncherLargeIconSizeInner","26"
"ActivityManager.java","getMaxNumPictureInPictureActions","1"
"ActivityManager.java","addOnUidImportanceListener","13"
"ActivityManager.java","isVrModePackageEnabled","5"
"ActivityManager.java","setOrientation","2"
"ActivityManager.java","restartPackage","1"
"ActivityManager.java","setPixelFormat","2"
"ActivityManager.java","isRunningInTestHarness","1"
"ActivityManager.java","setFrontActivityScreenCompatMode","5"
"ActivityManager.java","setEnsureStatusBarContrastWhenTransparent","1"
"ActivityManager.java","noteAlarmFinish","4"
"ActivityManager.java","getHistoricalProcessExitReasons","6"
"ActivityManager.java","copyFrom","12"
"ActivityManager.java","getService","1"
"ActivityManager.java","getIcon","5"
"ActivityManager.java","isLowMemoryKillReportSupported","1"
"ActivityManager.java","isRunningInUserTestHarness","1"
"ActivityManager.java","procStateToImportance","19"
"ActivityManager.java","equals","6"
"ActivityManager.java","processStateAmToProto","50"
"ActivityManager.java","forceStopPackage","1"
"ActivityManager.java","toString","1"
"ActivityManager.java","getMyMemoryState","5"
"ActivityManager.java","setSystemUiVisibility","2"
"ActivityManager.java","getRunningAppProcesses","5"
"ActivityManager.java","getTotalRam","3"
"ActivityManager.java","printCapabilitiesSummary","3"
"ActivityManager.java","getLabel","1"
"ActivityManager.java","loadIcon","8"
"ActivityManager.java","isActivityStartAllowedOnDisplay","6"
"ActivityManager.java","getBackgroundColor","1"
"ActivityManager.java","setMinWidth","1"
"ActivityManager.java","getRotation","1"
"ActivityManager.java","getPackageAskScreenCompat","5"
"ActivityManager.java","isUserRunning","5"
"ActivityManager.java","getPackageImportance","6"
"ActivityManager.java","getOrientation","1"
"ActivityManager.java","printCapabilitiesFull","6"
"ActivityManager.java","procStateToImportanceForTargetSdk","13"
"ActivityManager.java","getStatusBarColor","1"
"ActivityManager.java","isLowRamDevice","1"
"ActivityManager.java","getIconFilename","1"
"ActivityManager.java","setId","2"
"ActivityManager.java","killUid","5"
"ActivityManager.java","getTaskService","1"
"ActivityManager.java","create","3"
"ActivityManager.java","getWindowingMode","1"
"ActivityManager.java","getDeviceConfigurationInfo","5"
"ActivityManager.java","ensureAppTaskThumbnailSizeLocked","7"
"ActivityManager.java","isSystemReady","10"
"ActivityManager.java","procStateToImportanceForClient","1"
"ActivityManager.java","getContentInsets","1"
"ActivityManager.java","setProcessMemoryTrimLevel","5"
"ActivityManager.java","isInLockTaskMode","1"
"ActivityManager.java","onUidGone","1"
"ActivityManager.java","isTranslucent","1"
"ActivityManager.java","setStatusBarColor","1"
"ActivityManager.java","dumpPackageStateStatic","14"
"ActivityManager.java","getInMemoryIcon","4"
"ActivityManager.java","onUidCachedChanged","0"
"ActivityManager.java","getMaxRecentTasksStatic","1"
"ActivityManager.java","isBackgroundRestricted","5"
"ActivityManager.java","copyFromPreserveHiddenFields","24"
"ActivityManager.java","staticGetLargeMemoryClass","4"
"ActivityManager.java","setIcon","1"
"ActivityManager.java","getLargeMemoryClass","1"
"ActivityManager.java","getAppTasks","12"
"ActivityManager.java","isRealSnapshot","1"
"ActivityManager.java","getProcessesInErrorState","5"
"ActivityManager.java","getFrontActivityScreenCompatMode","5"
"ActivityManager.java","setNavigationBarColor","1"
"ActivityManager.java","setTaskSize","2"
"ActivityManager.java","dumpPackageState","1"
"ActivityManager.java","getRunningServiceControlPanel","5"
"ActivityManager.java","writeToParcel","15"
"ActivityManager.java","setPackageAskScreenCompat","5"
"ActivityManager.java","getSupportedLocales","5"
"ActivityManager.java","setWatchHeapLimit","5"
"ActivityManager.java","moveToFront","8"
"ActivityManager.java","isHighEndGfx","1"
"ActivityManager.java","setIsRealSnapshot","2"
"ActivityManager.java","clearWatchHeapLimit","5"
"ActivityManager.java","killProcessesWhenImperceptible","5"
"ActivityManager.java","getMemoryInfo","5"
"ActivityManager.java","onUidIdle","0"
"ActivityManager.java","getId","1"
"ActivityManager.java","getGrantedUriPermissions","1"
"ActivityManager.java","setSnapshot","2"
"ActivityManager.java","removeOnUidImportanceListener","11"
"ActivityManager.java","getBugreportWhitelistedPackages","5"
"ActivityManager.java","getMinWidth","1"
"ActivityManager.java","setContentInsets","2"
"ActivityManager.java","getProcessMemoryInfo","5"
"ActivityManager.java","getUidImportance","6"
"ActivityManager.java","setEnsureNavigationBarContrastWhenTransparent","1"
"ActivityManager.java","noteAlarmStart","4"
"ActivityManager.java","dump","66"
"ActivityManager.java","clearApplicationUserData","1"
"ActivityManager.java","checkComponentPermission","32"
"ActivityManager.java","killBackgroundProcesses","5"
"ActivityManager.java","setExcludeFromRecents","5"
"ActivityManager.java","setBackgroundColor","5"
"ActivityManager.java","getRunningTasks","5"
"ActivityManager.java","getEnsureStatusBarContrastWhenTransparent","1"
"ActivityManager.java","setResizeMode","1"
"ActivityManager.java","forceStopPackageAsUser","5"
"ActivityManager.java","newArray","1"
"ActivityManager.java","readFromParcel","15"
"ActivityManager.java","clearGrantedUriPermissions","1"
"ActivityManager.java","setPersistentVrThread","5"
"ActivityManager.java","describeContents","1"
"ActivityManager.java","onUidImportance","0"
"ActivityManager.java","getSnapshot","1"
"ActivityManager.java","getPackageScreenCompatMode","5"
"ActivityManager.java","getAppTaskThumbnailSize","4"
"ActivityManager.java","setTopActivityComponent","2"
"ActivityManager.java","setIconFilename","5"
"ActivityManager.java","build","5"
"ActivityManager.java","setLabel","1"
"ActivityManager.java","importanceToProcState","22"
"ActivityManager.java","getTaskSize","1"
"ActivityManager.java","getNavigationBarColor","1"
"ActivityManager.java","setColorSpace","2"
"ActivityManager.java","finishAndRemoveTask","5"
"ActivityManager.java","isProcStateBackground","1"
"Activity.java","setTranslucent","6"
"Activity.java","canStartActivityForResult","1"
"Activity.java","onChildTitleChanged","0"
"Activity.java","getChangingConfigurations","1"
"Activity.java","onGetWindowAnimations","2"
"Activity.java","isDisablingEnterExitEventForAutofill","1"
"Activity.java","onSearchRequested","7"
"Activity.java","navigateUpToFromChild","1"
"Activity.java","removeDialog","7"
"Activity.java","getAutofillClient","1"
"Activity.java","makeVisible","6"
"Activity.java","onBackgroundVisibleBehindChanged","0"
"Activity.java","postponeEnterTransition","1"
"Activity.java","dispatchActivityPreResumed","7"
"Activity.java","autofillClientIsVisibleForAutofill","1"
"Activity.java","setProgressBarIndeterminate","1"
"Activity.java","dispatchActivityPreSaveInstanceState","7"
"Activity.java","performRestoreInstanceState","4"
"Activity.java","dispatchActivityStopped","7"
"Activity.java","startActivityFromFragment","1"
"Activity.java","onGetHost","1"
"Activity.java","dispatchGenericMotionEvent","5"
"Activity.java","setTaskDescription","13"
"Activity.java","getAssistToken","1"
"Activity.java","onBackPressed","20"
"Activity.java","onRestart","1"
"Activity.java","shouldUpRecreateTask","16"
"Activity.java","finishAffinity","13"
"Activity.java","setIntent","1"
"Activity.java","dispatchPopulateAccessibilityEvent","10"
"Activity.java","onStartActivityAsUserFromFragment","1"
"Activity.java","dispatchMovedToDisplay","2"
"Activity.java","getLoaderManager","1"
"Activity.java","getLastNonConfigurationChildInstances","1"
"Activity.java","setActionBar","21"
"Activity.java","startIntentSender","7"
"Activity.java","createDialog","6"
"Activity.java","onRetainNonConfigurationChildInstances","1"
"Activity.java","showAssist","5"
"Activity.java","retainNonConfigurationInstances","23"
"Activity.java","closeOptionsMenu","3"
"Activity.java","openOptionsMenu","3"
"Activity.java","getCallingActivity","5"
"Activity.java","dispatchMultiWindowModeChanged","8"
"Activity.java","restoreManagedDialogs","23"
"Activity.java","onWindowAttributesChanged","12"
"Activity.java","invalidateOptionsMenu","3"
"Activity.java","setProgressBarVisibility","1"
"Activity.java","dispatchActivityResumed","7"
"Activity.java","onCreateNavigateUpTaskStack","1"
"Activity.java","dispatchActivityPreStopped","7"
"Activity.java","getCurrentFocus","1"
"Activity.java","dispatchKeyEvent","15"
"Activity.java","setProgress","1"
"Activity.java","requireViewById","5"
"Activity.java","getActivityThread","1"
"Activity.java","onGetLayoutInflater","5"
"Activity.java","savedDialogArgsKeyFor","1"
"Activity.java","dispatchActivityDestroyed","7"
"Activity.java","setVolumeControlStream","1"
"Activity.java","onOptionsMenuClosed","3"
"Activity.java","getDlWarning","0"
"Activity.java","setFinishOnTouchOutside","1"
"Activity.java","attach","45"
"Activity.java","performStart","29"
"Activity.java","onAttachedToWindow","0"
"Activity.java","getApplication","1"
"Activity.java","onPrepareOptionsMenu","4"
"Activity.java","setProgressBarIndeterminateVisibility","1"
"Activity.java","getComponentName","1"
"Activity.java","getParent","1"
"Activity.java","autofillClientResetableStateAvailable","1"
"Activity.java","startIntentSenderForResultInner","30"
"Activity.java","setLocusContext","9"
"Activity.java","stopManagingCursor","10"
"Activity.java","setPersistent","0"
"Activity.java","onTrimMemory","4"
"Activity.java","startActivityAsUserFromFragment","1"
"Activity.java","getParentActivityIntent","15"
"Activity.java","performSaveInstanceState","7"
"Activity.java","contentCaptureClientGetComponentName","1"
"Activity.java","onActionModeFinished","0"
"Activity.java","recreate","7"
"Activity.java","onCreateDialog","1"
"Activity.java","startActivityForResult","10"
"Activity.java","onTitleChanged","12"
"Activity.java","onActivityReenter","0"
"Activity.java","onEnterAnimationComplete","0"
"Activity.java","onNewIntent","0"
"Activity.java","getActionBar","2"
"Activity.java","onCreatePanelView","1"
"Activity.java","unregisterRemoteAnimations","5"
"Activity.java","onKeyMultiple","1"
"Activity.java","getFragmentManager","1"
"Activity.java","onPanelClosed","13"
"Activity.java","deviceSupportsPictureInPictureMode","1"
"Activity.java","onKeyShortcut","3"
"Activity.java","setShowWhenLocked","5"
"Activity.java","dispatchTrackballEvent","5"
"Activity.java","setFeatureDrawableAlpha","1"
"Activity.java","onVisibleBehindCanceled","1"
"Activity.java","addContentView","2"
"Activity.java","isTopOfTask","8"
"Activity.java","updateStatusBarColor","2"
"Activity.java","autofillClientAuthenticate","5"
"Activity.java","onActivityResult","0"
"Activity.java","onStartIntentSenderFromFragment","5"
"Activity.java","autofillClientFindViewsByAutofillIdTraversal","14"
"Activity.java","isBackgroundVisibleBehind","1"
"Activity.java","onHasWindowAnimations","1"
"Activity.java","getWindowManager","1"
"Activity.java","registerActivityLifecycleCallbacks","3"
"Activity.java","getRequestedOrientation","10"
"Activity.java","dispatchActivityPostDestroyed","7"
"Activity.java","autofillClientRunOnUiThread","1"
"Activity.java","triggerSearch","2"
"Activity.java","missingDialog","1"
"Activity.java","isActivityTransitionRunning","1"
"Activity.java","finish","1"
"Activity.java","performUserLeaving","2"
"Activity.java","isChild","1"
"Activity.java","isVoiceInteraction","1"
"Activity.java","isVoiceInteractionRoot","5"
"Activity.java","dispatchKeyShortcutEvent","5"
"Activity.java","onProvideReferrer","1"
"Activity.java","setVisible","9"
"Activity.java","restoreHasCurrentPermissionRequest","3"
"Activity.java","autofillClientFindViewByAutofillIdTraversal","11"
"Activity.java","isDestroyed","1"
"Activity.java","setTitle","1"
"Activity.java","getVoiceInteractor","1"
"Activity.java","onGetDirectActions","1"
"Activity.java","registerRemoteAnimations","5"
"Activity.java","stopLockTask","4"
"Activity.java","startActivities","1"
"Activity.java","onHasView","2"
"Activity.java","dispatchActivityPostResumed","7"
"Activity.java","setVrModeEnabled","7"
"Activity.java","onKeyLongPress","1"
"Activity.java","startLockTask","4"
"Activity.java","onGenericMotionEvent","1"
"Activity.java","getMenuInflater","10"
"Activity.java","isChangingConfigurations","1"
"Activity.java","isImmersive","5"
"Activity.java","setRequestedOrientation","9"
"Activity.java","performPause","11"
"Activity.java","performStop","36"
"Activity.java","setEnterSharedElementCallback","4"
"Activity.java","dumpInner","51"
"Activity.java","dismissDialog","8"
"Activity.java","getWindow","1"
"Activity.java","dispatchActivityPostStarted","7"
"Activity.java","onRestoreInstanceState","3"
"Activity.java","getLocalClassName","7"
"Activity.java","dispatchActivityPostStopped","7"
"Activity.java","onRequestPermissionsResult","1"
"Activity.java","autofillClientGetComponentName","1"
"Activity.java","setTitleColor","2"
"Activity.java","closeContextMenu","3"
"Activity.java","dispatchActivityPreDestroyed","7"
"Activity.java","moveTaskToBack","6"
"Activity.java","dispatchTouchEvent","7"
"Activity.java","autofillClientGetNextAutofillId","1"
"Activity.java","convertFromTranslucentInternal","10"
"Activity.java","onActionModeStarted","0"
"Activity.java","onPostCreate","1"
"Activity.java","showDialog","16"
"Activity.java","autofillClientIsFillUiShowing","1"
"Activity.java","startActivityAsUser","9"
"Activity.java","dispatchActivityPostSaveInstanceState","7"
"Activity.java","getSearchEvent","1"
"Activity.java","performTopResumedActivityChanged","6"
"Activity.java","requestFinish","4"
"Activity.java","dispatchActivityPrePaused","7"
"Activity.java","setVoiceInteractor","14"
"Activity.java","enterPictureInPictureModeIfPossible","3"
"Activity.java","getTaskId","5"
"Activity.java","navigateUpTo","28"
"Activity.java","getTitleColor","1"
"Activity.java","enableAutofillCompatibilityIfNeeded","6"
"Activity.java","setFeatureDrawable","1"
"Activity.java","requestWindowFeature","1"
"Activity.java","finishActivity","9"
"Activity.java","managedQuery","5"
"Activity.java","finishFromChild","1"
"Activity.java","autofillClientIsCompatibilityModeEnabled","1"
"Activity.java","setInheritShowWhenLocked","5"
"Activity.java","takeKeyEvents","1"
"Activity.java","overridePendingTransition","4"
"Activity.java","dumpAutofillManager","10"
"Activity.java","startIntentSenderFromFragment","1"
"Activity.java","onInvalidateOptionsMenu","1"
"Activity.java","onStartActivityFromFragment","1"
"Activity.java","getNextAutofillId","5"
"Activity.java","enterPictureInPictureMode","19"
"Activity.java","getAutofillManager","4"
"Activity.java","saveManagedDialogs","21"
"Activity.java","unregisterForContextMenu","1"
"Activity.java","dispatchActivityPostPaused","7"
"Activity.java","findViewById","1"
"Activity.java","onNavigateUp","29"
"Activity.java","requestPermissions","12"
"Activity.java","dumpContentCaptureManager","7"
"Activity.java","attachBaseContext","5"
"Activity.java","autofillClientGetViewVisibility","17"
"Activity.java","onNavigateUpFromChild","1"
"Activity.java","shouldShowRequestPermissionRationale","1"
"Activity.java","isTaskRoot","1"
"Activity.java","dispatchActivityPaused","7"
"Activity.java","convertToTranslucent","16"
"Activity.java","onProvideAssistData","0"
"Activity.java","isFinishing","1"
"Activity.java","onNewActivityOptions","4"
"Activity.java","getIntent","1"
"Activity.java","getContentCaptureTypeAsString","12"
"Activity.java","onStop","15"
"Activity.java","onWindowStartingActionMode","6"
"Activity.java","startActivityIfNeeded","27"
"Activity.java","setTurnScreenOn","5"
"Activity.java","unregisterActivityLifecycleCallbacks","3"
"Activity.java","dispatchRequestPermissionsResult","5"
"Activity.java","transferSpringboardActivityOptions","7"
"Activity.java","getContentCaptureClient","1"
"Activity.java","stopLocalVoiceInteraction","4"
"Activity.java","dismissKeyboardShortcutsHelper","4"
"Activity.java","startActivityForResultAsUser","19"
"Activity.java","isOverlayWithDecorCaptionEnabled","1"
"Activity.java","setExitSharedElementCallback","4"
"Activity.java","isInPictureInPictureMode","1"
"Activity.java","onLocalVoiceInteractionStarted","0"
"Activity.java","restoreAutofillSaveUi","5"
"Activity.java","requestShowKeyboardShortcuts","4"
"Activity.java","setTheme","2"
"Activity.java","onPostResume","6"
"Activity.java","onCreatePanelMenu","6"
"Activity.java","onPreparePanel","6"
"Activity.java","setSecondaryProgress","1"
"Activity.java","dispatchActivityPreCreated","7"
"Activity.java","getSystemService","10"
"Activity.java","setDisablePreviewScreenshots","5"
"Activity.java","startSearch","2"
"Activity.java","dispatchActivitySaveInstanceState","7"
"Activity.java","setDefaultKeyMode","18"
"Activity.java","cancelInputsAndStartExitTransition","7"
"Activity.java","onContextItemSelected","4"
"Activity.java","onPause","20"
"Activity.java","onApplyThemeResource","38"
"Activity.java","autofillClientFindViewByAccessibilityIdTraversal","11"
"Activity.java","dispatchActivityPreStarted","7"
"Activity.java","onProvideAssistContent","0"
"Activity.java","finishActivityFromChild","5"
"Activity.java","startActivity","19"
"Activity.java","setContentTransitionManager","1"
"Activity.java","onFindViewById","1"
"Activity.java","reportFullyDrawn","8"
"Activity.java","getLayoutInflater","1"
"Activity.java","startActionMode","1"
"Activity.java","setParent","1"
"Activity.java","onRetainNonConfigurationInstance","1"
"Activity.java","autofillClientRequestHideFillUi","6"
"Activity.java","getMaxNumPictureInPictureActions","5"
"Activity.java","getReferrer","17"
"Activity.java","onDestroy","37"
"Activity.java","onKeyUp","7"
"Activity.java","onMenuOpened","9"
"Activity.java","finishAfterTransition","3"
"Activity.java","savedDialogKeyFor","1"
"Activity.java","toggleFreeformWindowingMode","1"
"Activity.java","getActivityOptions","5"
"Activity.java","performDestroy","11"
"Activity.java","startManagingCursor","3"
"Activity.java","dispatchActivityCreated","7"
"Activity.java","notifyContentCaptureManagerIfNeeded","32"
"Activity.java","onPrepareDialog","1"
"Activity.java","openContextMenu","1"
"Activity.java","getActivityToken","1"
"Activity.java","onWindowDismissed","4"
"Activity.java","getCallingPackage","5"
"Activity.java","setMediaController","1"
"Activity.java","requestDragAndDropPermissions","5"
"Activity.java","convertFromTranslucent","1"
"Activity.java","onAttachFragment","1"
"Activity.java","onSaveInstanceState","1"
"Activity.java","hasWindowFocus","8"
"Activity.java","dispatchRequestPermissionsResultToFragment","4"
"Activity.java","startActivityAsCaller","9"
"Activity.java","onCreateOptionsMenu","4"
"Activity.java","getVolumeControlStream","1"
"Activity.java","setResult","4"
"Activity.java","startIntentSenderForResult","9"
"Activity.java","onLowMemory","4"
"Activity.java","onPictureInPictureRequested","1"
"Activity.java","onOptionsItemSelected","4"
"Activity.java","onCreateThumbnail","1"
"Activity.java","onProvideKeyboardShortcuts","21"
"Activity.java","isResumed","1"
"Activity.java","storeHasCurrentPermissionRequest","3"
"Activity.java","onStart","8"
"Activity.java","getTitle","1"
"Activity.java","startNextMatchingActivity","11"
"Activity.java","releaseInstance","6"
"Activity.java","isInMultiWindowMode","1"
"Activity.java","dispatchEnterAnimationComplete","7"
"Activity.java","onUserInteraction","0"
"Activity.java","setLocusContextToContentCapture","8"
"Activity.java","autofillClientRequestShowFillUi","9"
"Activity.java","onTrackballEvent","1"
"Activity.java","onTouchEvent","5"
"Activity.java","performRestart","33"
"Activity.java","startLocalVoiceInteraction","4"
"Activity.java","onUserLeaveHint","0"
"Activity.java","onResume","22"
"Activity.java","onRequestPermissionsFromFragment","3"
"Activity.java","ensureSearchManager","8"
"Activity.java","getPreferences","1"
"Activity.java","getContentTransitionManager","1"
"Activity.java","updateNavigationBarColor","2"
"Activity.java","onContextMenuClosed","3"
"Activity.java","dispatchActivityStarted","7"
"Activity.java","onCreateView","4"
"Activity.java","getMediaController","1"
"Activity.java","onConfigurationChanged","13"
"Activity.java","onContentChanged","0"
"Activity.java","setFeatureDrawableResource","1"
"Activity.java","onCreateContextMenu","0"
"Activity.java","onShouldSaveFragmentState","1"
"Activity.java","dispatchActivityPostCreated","7"
"Activity.java","onPrepareNavigateUpTaskStack","0"
"Activity.java","getLastNonConfigurationInstance","1"
"Activity.java","onKeyDown","55"
"Activity.java","performResume","37"
"Activity.java","onMultiWindowModeChanged","2"
"Activity.java","setOverlayWithDecorCaptionEnabled","1"
"Activity.java","setFeatureDrawableUri","1"
"Activity.java","onLocalVoiceInteractionStopped","0"
"Activity.java","createPendingResult","9"
"Activity.java","registerForContextMenu","1"
"Activity.java","onTranslucentConversionComplete","0"
"Activity.java","dump","1"
"Activity.java","showLockTaskEscapeMessage","4"
"Activity.java","onMovedToDisplay","0"
"Activity.java","collectActivityLifecycleCallbacks","7"
"Activity.java","getContentScene","1"
"Activity.java","startIntentSenderFromChild","1"
"Activity.java","onCreate","1"
"Activity.java","dispatchPictureInPictureModeChanged","8"
"Activity.java","startPostponedEnterTransition","1"
"Activity.java","dispatchActivityResult","32"
"Activity.java","onWindowFocusChanged","0"
"Activity.java","startActivityFromChild","6"
"Activity.java","autofillClientGetActivityToken","1"
"Activity.java","onUseFragmentManagerInflaterFactory","2"
"Activity.java","onMenuItemSelected","34"
"Activity.java","onCreateDescription","1"
"Activity.java","onPerformDirectAction","0"
"Activity.java","onDump","1"
"Activity.java","setPictureInPictureParams","10"
"Activity.java","requestVisibleBehind","1"
"Activity.java","initWindowDecorActionBar","11"
"Activity.java","onPictureInPictureModeChanged","2"
"Activity.java","getContentCaptureManager","7"
"Activity.java","runOnUiThread","5"
"Activity.java","performNewIntent","2"
"Activity.java","isLocalVoiceInteractionSupported","5"
"Activity.java","setContentView","2"
"Activity.java","setImmersive","5"
"Activity.java","autofillClientDispatchUnhandledKey","7"
"Activity.java","onTopResumedActivityChanged","0"
"Activity.java","performCreate","18"
"Activity.java","onDetachedFromWindow","0"
"Activity.java","finishAndRemoveTask","1"
"Activity.java","onStateNotSaved","0"
"ActivityManagerInternal.java","getCurrentUserId","0"
"ActivityManagerInternal.java","getCurrentUser","0"
"ActivityManagerInternal.java","enforceCallingPermission","0"
"ActivityManagerInternal.java","disconnectActivityFromServices","0"
"ActivityManagerInternal.java","hasRunningActivity","0"
"ActivityManagerInternal.java","updateDeviceIdleTempWhitelist","0"
"ActivityManagerInternal.java","isUidActive","0"
"ActivityManagerInternal.java","canStartMoreUsers","0"
"ActivityManagerInternal.java","isUserRunning","0"
"ActivityManagerInternal.java","broadcastIntentInPackage","0"
"ActivityManagerInternal.java","checkContentProviderUriPermission","0"
"ActivityManagerInternal.java","registerProcessObserver","0"
"ActivityManagerInternal.java","isPendingTopUid","0"
"ActivityManagerInternal.java","onUserRemoved","0"
"ActivityManagerInternal.java","startServiceInPackage","0"
"ActivityManagerInternal.java","isUidCurrentlyInstrumented","0"
"ActivityManagerInternal.java","killProcessesForRemovedTask","0"
"ActivityManagerInternal.java","unregisterProcessObserver","0"
"ActivityManagerInternal.java","isSystemReady","0"
"ActivityManagerInternal.java","setDebugFlagsForStartingActivity","0"
"ActivityManagerInternal.java","deletePendingTopUid","0"
"ActivityManagerInternal.java","isActivityStartsLoggingEnabled","0"
"ActivityManagerInternal.java","broadcastCloseSystemDialogs","0"
"ActivityManagerInternal.java","ensureNotSpecialUser","0"
"ActivityManagerInternal.java","startProcess","0"
"ActivityManagerInternal.java","addPendingTopUid","0"
"ActivityManagerInternal.java","notifyNetworkPolicyRulesUpdated","0"
"ActivityManagerInternal.java","prepareForPossibleShutdown","0"
"ActivityManagerInternal.java","setPendingIntentWhitelistDuration","0"
"ActivityManagerInternal.java","getMemoryStateForProcesses","0"
"ActivityManagerInternal.java","updateForegroundTimeIfOnBattery","0"
"ActivityManagerInternal.java","sendForegroundProfileChanged","0"
"ActivityManagerInternal.java","clearPendingIntentAllowBgActivityStarts","0"
"ActivityManagerInternal.java","shouldConfirmCredentials","0"
"ActivityManagerInternal.java","getCurrentProfileIds","0"
"ActivityManagerInternal.java","setPendingIntentAllowBgActivityStarts","0"
"ActivityManagerInternal.java","checkContentProviderAccess","0"
"ActivityManagerInternal.java","getActivityInfoForUser","0"
"ActivityManagerInternal.java","hasRunningForegroundService","0"
"ActivityManagerInternal.java","getMaxRunningUsers","0"
"ActivityManagerInternal.java","getActivityPresentationInfo","0"
"ActivityManagerInternal.java","handleIncomingUser","0"
"ActivityManagerInternal.java","setBooted","0"
"ActivityManagerInternal.java","isCurrentProfile","0"
"ActivityManagerInternal.java","killForegroundAppsForUser","0"
"ActivityManagerInternal.java","updateOomLevelsForDisplay","0"
"ActivityManagerInternal.java","cleanUpServices","0"
"ActivityManagerInternal.java","trimApplications","0"
"ActivityManagerInternal.java","updateBatteryStats","0"
"ActivityManagerInternal.java","onWakefulnessChanged","0"
"ActivityManagerInternal.java","updateActivityUsageStats","0"
"ActivityManagerInternal.java","finishBooting","0"
"ActivityManagerInternal.java","updateCpuStats","0"
"ActivityManagerInternal.java","getTaskIdForActivity","0"
"ActivityManagerInternal.java","killAllBackgroundProcessesExcept","0"
"ActivityManagerInternal.java","updateOomAdj","0"
"ActivityManagerInternal.java","isBackgroundActivityStartsEnabled","0"
"ActivityManagerInternal.java","startIsolatedProcess","0"
"ActivityManagerInternal.java","getUidProcessState","0"
"ActivityManagerInternal.java","getStorageMountMode","0"
"ActivityManagerInternal.java","reportCurKeyguardUsageEvent","0"
"ActivityManagerInternal.java","setDeviceOwnerUid","0"
"ActivityManagerInternal.java","broadcastIntent","0"
"ActivityManagerInternal.java","inputDispatchingTimedOut","0"
"ActivityManagerInternal.java","isBooted","0"
"ActivityManagerInternal.java","setSwitchingFromSystemUserMessage","0"
"ActivityManagerInternal.java","killProcess","0"
"ActivityManagerInternal.java","finishUserSwitch","0"
"ActivityManagerInternal.java","tempWhitelistForPendingIntent","0"
"ActivityManagerInternal.java","hasStartedUserState","0"
"ActivityManagerInternal.java","scheduleAppGcs","0"
"ActivityManagerInternal.java","monitor","0"
"ActivityManagerInternal.java","isDeviceOwner","0"
"ActivityManagerInternal.java","clearPendingBackup","0"
"ActivityManagerInternal.java","setBooting","0"
"ActivityManagerInternal.java","ensureBootCompleted","0"
"ActivityManagerInternal.java","isRuntimeRestarted","0"
"ActivityManagerInternal.java","isBooting","0"
"ActivityManagerInternal.java","setDeviceIdleWhitelist","0"
"ActivityManagerInternal.java","setHasOverlayUi","0"
"ActivityManagerInternal.java","getProcessesWithPendingBindMounts","0"
"ActivityManagerInternal.java","setSwitchingToSystemUserMessage","0"
"ActivityManagerInternal.java","broadcastGlobalConfigurationChanged","0"
"ActivityManagerInternal.java","isAppForeground","0"
"ActivityManagerInternal.java","isAppBad","0"
"ActivityView.java","onReleased","1"
"ActivityView.java","initTaskEmbedder","5"
"ActivityView.java","getWindow","1"
"ActivityView.java","getVirtualDisplay","1"
"ActivityView.java","getCornerRadius","1"
"ActivityView.java","release","1"
"ActivityView.java","setCallback","5"
"ActivityView.java","performBackPress","1"
"ActivityView.java","setCornerRadius","1"
"ActivityView.java","startActivity","1"
"ActivityView.java","onTaskMovedToFront","1"
"ActivityView.java","getSurfaceClipBounds","1"
"ActivityView.java","getAlpha","1"
"ActivityView.java","startShortcutActivity","1"
"ActivityView.java","onTaskRemovalStarted","1"
"ActivityView.java","onBackPressedOnTaskRoot","1"
"ActivityView.java","getVirtualDisplayId","1"
"ActivityView.java","setForwardedInsets","1"
"ActivityView.java","onActivityViewReady","0"
"ActivityView.java","setSurfaceClippingEnabled","1"
"ActivityView.java","gatherTransparentRegion","1"
"ActivityView.java","surfaceCreated","7"
"ActivityView.java","getTapExcludeRegion","13"
"ActivityView.java","useTaskOrganizer","1"
"ActivityView.java","onTaskVisibilityChanged","1"
"ActivityView.java","onTaskCreated","1"
"ActivityView.java","surfaceChanged","9"
"ActivityView.java","onLayout","4"
"ActivityView.java","setAlpha","4"
"ActivityView.java","canReceivePointerEvents","1"
"ActivityView.java","onInitialized","1"
"ActivityView.java","getScreenBounds","2"
"ActivityView.java","onActivityViewDestroyed","0"
"ActivityView.java","onLocationChanged","1"
"ActivityView.java","surfaceDestroyed","1"
"ActivityView.java","onVisibilityChanged","2"
"ActivityView.java","onTaskBackgroundColorChanged","3"
"ActivityView.java","setSurfaceClipBounds","1"
"ActivityView.java","performRelease","10"
"ActivityView.java","finalize","8"
"ActivityView.java","getScreenToTaskMatrix","4"
"ActivityView.java","getPositionInWindow","3"
"ActivityThread.java","cancel","7"
"ActivityThread.java","handleRelaunchActivityInner","33"
"ActivityThread.java","sendActivityResult","11"
"ActivityThread.java","dumpGfxInfo","3"
"ActivityThread.java","notifyCleartextNetwork","3"
"ActivityThread.java","currentApplication","2"
"ActivityThread.java","updateTimeZone","1"
"ActivityThread.java","getHandler","1"
"ActivityThread.java","handleBindService","24"
"ActivityThread.java","handleApplicationInfoChanged","41"
"ActivityThread.java","getStateString","21"
"ActivityThread.java","handlePictureInPictureRequested","14"
"ActivityThread.java","unschedulePurgeIdler","5"
"ActivityThread.java","getActivitiesToBeDestroyed","1"
"ActivityThread.java","dumpProvider","11"
"ActivityThread.java","scheduleReceiver","5"
"ActivityThread.java","updateVmProcessState","4"
"ActivityThread.java","unregisterOnActivityPausedListener","6"
"ActivityThread.java","handleTrimMemory","23"
"ActivityThread.java","openDeprecatedDataPath","12"
"ActivityThread.java","getPermissionManager","6"
"ActivityThread.java","handleProfilerControl","20"
"ActivityThread.java","handleDispatchPackageBroadcast","87"
"ActivityThread.java","dumpService","11"
"ActivityThread.java","handlePerformDirectAction","12"
"ActivityThread.java","performConfigurationChangedForActivity","7"
"ActivityThread.java","handleAttachStartupAgents","14"
"ActivityThread.java","getDatabasesDir","2"
"ActivityThread.java","handleRelaunchActivityLocally","23"
"ActivityThread.java","updateTimePrefs","12"
"ActivityThread.java","scheduleStopService","1"
"ActivityThread.java","handleSendResult","33"
"ActivityThread.java","handleDumpActivity","12"
"ActivityThread.java","doGcIfNeeded","8"
"ActivityThread.java","dumpMemoryInfo","15"
"ActivityThread.java","scheduleEnterAnimationComplete","1"
"ActivityThread.java","nInitZygoteChildHeapProfiling","0"
"ActivityThread.java","handleRunIsolatedEntryPoint","8"
"ActivityThread.java","applyConfigCompatMainThread","9"
"ActivityThread.java","dumpDbInfo","28"
"ActivityThread.java","updateHttpProxy","2"
"ActivityThread.java","access","7"
"ActivityThread.java","schedulePurgeIdler","5"
"ActivityThread.java","schedulePauseWithUserLeavingHint","5"
"ActivityThread.java","attachAgent","1"
"ActivityThread.java","currentOpPackageName","2"
"ActivityThread.java","getBackupAgentsForUser","6"
"ActivityThread.java","handleResumeActivity","109"
"ActivityThread.java","reportStop","1"
"ActivityThread.java","scheduleGcIdler","5"
"ActivityThread.java","scheduleApplicationInfoChanged","2"
"ActivityThread.java","isProfiling","1"
"ActivityThread.java","handleStartActivity","45"
"ActivityThread.java","unstableProviderDied","1"
"ActivityThread.java","dumpMemInfoTable","89"
"ActivityThread.java","handleCreateBackupAgent","68"
"ActivityThread.java","performResumeActivity","47"
"ActivityThread.java","getFloatCoreSetting","6"
"ActivityThread.java","attach","67"
"ActivityThread.java","updateDefaultDensity","5"
"ActivityThread.java","isVisibleFromServer","1"
"ActivityThread.java","handleLowMemory","15"
"ActivityThread.java","getApplication","1"
"ActivityThread.java","stat","10"
"ActivityThread.java","createBaseContextForActivity","28"
"ActivityThread.java","requestDirectActions","8"
"ActivityThread.java","checkAndBlockForNetworkAccess","9"
"ActivityThread.java","handleStopBinderTrackingAndDump","7"
"ActivityThread.java","countLaunchingActivities","1"
"ActivityThread.java","sendMessage","11"
"ActivityThread.java","relaunchAllActivities","9"
"ActivityThread.java","updateDebugViewAttributeState","5"
"ActivityThread.java","stopProfiling","3"
"ActivityThread.java","performConfigurationChanged","15"
"ActivityThread.java","handleUnstableProviderDiedLocked","25"
"ActivityThread.java","scheduleContextCleanup","5"
"ActivityThread.java","getSystemUiContext","6"
"ActivityThread.java","scheduleServiceArgs","11"
"ActivityThread.java","toString","1"
"ActivityThread.java","performPauseActivityIfNeeded","22"
"ActivityThread.java","open","5"
"ActivityThread.java","registerOnActivityPausedListener","8"
"ActivityThread.java","performStopActivity","4"
"ActivityThread.java","run","16"
"ActivityThread.java","isPreHoneycomb","1"
"ActivityThread.java","runIsolatedEntryPoint","4"
"ActivityThread.java","nDumpGraphicsInfo","0"
"ActivityThread.java","performUserLeavingActivity","2"
"ActivityThread.java","scheduleResume","4"
"ActivityThread.java","handleLaunchActivity","37"
"ActivityThread.java","updatePendingActivityConfiguration","19"
"ActivityThread.java","callActivityOnStop","20"
"ActivityThread.java","handleStopService","28"
"ActivityThread.java","performStopActivityInner","32"
"ActivityThread.java","attemptAttachAgent","7"
"ActivityThread.java","getGetProviderLock","9"
"ActivityThread.java","scheduleUnbindService","4"
"ActivityThread.java","handleBindApplication","296"
"ActivityThread.java","handleFixedRotationAdjustments","48"
"ActivityThread.java","isSystem","1"
"ActivityThread.java","processInBackground","2"
"ActivityThread.java","peekPackageInfo","9"
"ActivityThread.java","getInstrumentationLibrary","12"
"ActivityThread.java","prepareRelaunchActivity","42"
"ActivityThread.java","incProviderRefLocked","58"
"ActivityThread.java","setProfiler","23"
"ActivityThread.java","performPauseActivity","40"
"ActivityThread.java","appNotRespondingViaProvider","10"
"ActivityThread.java","handleRequestDirectActions","34"
"ActivityThread.java","unscheduleGcIdler","5"
"ActivityThread.java","updatePendingConfiguration","5"
"ActivityThread.java","scheduleLocalVoiceInteractionStarted","4"
"ActivityThread.java","systemMain","11"
"ActivityThread.java","applyPendingProcessState","11"
"ActivityThread.java","queueIdle","2"
"ActivityThread.java","handleNewIntent","6"
"ActivityThread.java","handleTopResumedActivityChanged","19"
"ActivityThread.java","remove","5"
"ActivityThread.java","getProfileFilePath","1"
"ActivityThread.java","hashCode","1"
"ActivityThread.java","handleUnstableProviderDied","3"
"ActivityThread.java","handleDumpService","12"
"ActivityThread.java","performRestartActivity","7"
"ActivityThread.java","dumpCacheInfo","2"
"ActivityThread.java","handleDumpHeap","31"
"ActivityThread.java","updateProcessState","18"
"ActivityThread.java","getLooper","1"
"ActivityThread.java","setState","23"
"ActivityThread.java","updateLocaleListFromAppContext","12"
"ActivityThread.java","applyCompatConfiguration","9"
"ActivityThread.java","collectComponentCallbacks","45"
"ActivityThread.java","codeToString","83"
"ActivityThread.java","installSystemApplicationInfo","6"
"ActivityThread.java","scheduleRelaunchActivity","2"
"ActivityThread.java","handleTrustStorageUpdate","1"
"ActivityThread.java","startProfiling","16"
"ActivityThread.java","scheduleSuicide","1"
"ActivityThread.java","createSafeCancellationTransport","8"
"ActivityThread.java","handleServiceArgs","26"
"ActivityThread.java","updatePackageCompatibilityInfo","4"
"ActivityThread.java","startActivityNow","24"
"ActivityThread.java","nPurgePendingResources","0"
"ActivityThread.java","handleStopActivity","17"
"ActivityThread.java","reportSizeConfigurations","28"
"ActivityThread.java","onNewActivityOptions","4"
"ActivityThread.java","currentProcessName","2"
"ActivityThread.java","purgePendingResources","3"
"ActivityThread.java","getPackageInfo","36"
"ActivityThread.java","deliverNewIntents","8"
"ActivityThread.java","init","12"
"ActivityThread.java","cleanUpPendingRemoveWindows","12"
"ActivityThread.java","scheduleCrash","1"
"ActivityThread.java","handleUpdatePackageCompatibilityInfo","10"
"ActivityThread.java","reportRelaunch","9"
"ActivityThread.java","removeSafeCancellationTransport","7"
"ActivityThread.java","releaseProvider","75"
"ActivityThread.java","currentPackageName","2"
"ActivityThread.java","scheduleCreateService","6"
"ActivityThread.java","safeToComponentShortString","2"
"ActivityThread.java","scheduleInstallProvider","1"
"ActivityThread.java","install","8"
"ActivityThread.java","completeRemoveProvider","34"
"ActivityThread.java","scheduleOnNewActivityOptions","1"
"ActivityThread.java","scheduleTransaction","1"
"ActivityThread.java","attachStartupAgents","1"
"ActivityThread.java","handleReceiver","45"
"ActivityThread.java","resolveActivityInfo","6"
"ActivityThread.java","handleRequestAssistContextExtras","63"
"ActivityThread.java","scheduleBindService","8"
"ActivityThread.java","setupGraphicsSupport","34"
"ActivityThread.java","setSchedulingGroup","9"
"ActivityThread.java","getTopLevelResources","1"
"ActivityThread.java","getTransactionExecutor","1"
"ActivityThread.java","setCoreSettings","1"
"ActivityThread.java","onCoreSettingsChange","4"
"ActivityThread.java","reportTopResumedActivityChanged","4"
"ActivityThread.java","scheduleRegisteredReceiver","2"
"ActivityThread.java","handleActivityConfigurationChanged","44"
"ActivityThread.java","handleRelaunchActivity","91"
"ActivityThread.java","callActivityOnSaveInstanceState","8"
"ActivityThread.java","dumpMemInfoProto","7"
"ActivityThread.java","scheduleTrimMemory","8"
"ActivityThread.java","installProviderAuthoritiesLocked","29"
"ActivityThread.java","createSystemUiContext","1"
"ActivityThread.java","dumpActivity","12"
"ActivityThread.java","bindApplication","45"
"ActivityThread.java","getActivityClient","1"
"ActivityThread.java","scheduleExit","1"
"ActivityThread.java","profilerControl","1"
"ActivityThread.java","rename","22"
"ActivityThread.java","equals","5"
"ActivityThread.java","dumpHeap","17"
"ActivityThread.java","isPersistable","1"
"ActivityThread.java","handleDumpProvider","12"
"ActivityThread.java","handleCreateService","29"
"ActivityThread.java","getProcessName","1"
"ActivityThread.java","startBinderTracking","1"
"ActivityThread.java","getStringCoreSetting","6"
"ActivityThread.java","setProcessState","1"
"ActivityThread.java","handleSetCoreSettings","4"
"ActivityThread.java","updateVisibility","24"
"ActivityThread.java","acquireProvider","31"
"ActivityThread.java","installProvider","111"
"ActivityThread.java","main","37"
"ActivityThread.java","installSystemProviders","3"
"ActivityThread.java","handleDestroyBackupAgent","17"
"ActivityThread.java","getPackageInfoNoCheck","1"
"ActivityThread.java","applyConfigurationToResources","3"
"ActivityThread.java","scheduleTranslucentConversionComplete","1"
"ActivityThread.java","printRow","1"
"ActivityThread.java","scheduleCreateBackupAgent","6"
"ActivityThread.java","getActivity","2"
"ActivityThread.java","acquireExistingProvider","23"
"ActivityThread.java","performDestroyActivity","51"
"ActivityThread.java","handleWindowingModeChangeIfNeeded","17"
"ActivityThread.java","finishInstrumentation","11"
"ActivityThread.java","handlePauseActivity","13"
"ActivityThread.java","dumpDatabaseInfo","4"
"ActivityThread.java","requestAssistContextExtras","7"
"ActivityThread.java","currentActivityThread","1"
"ActivityThread.java","handleConfigurationChanged","70"
"ActivityThread.java","setNetworkBlockSeq","3"
"ActivityThread.java","getCoreSettings","1"
"ActivityThread.java","performDirectAction","8"
"ActivityThread.java","getPackageManager","6"
"ActivityThread.java","performLaunchActivity","90"
"ActivityThread.java","clearDnsCache","5"
"ActivityThread.java","schedulePauseWithUserLeaveHintAndReturnToCurrentState","16"
"ActivityThread.java","getLifecycleState","1"
"ActivityThread.java","dumpMemInfo","73"
"ActivityThread.java","deliverResults","17"
"ActivityThread.java","handleTranslucentConversionComplete","4"
"ActivityThread.java","stopBinderTrackingAndDump","6"
"ActivityThread.java","isLoadedApkResourceDirsUpToDate","4"
"ActivityThread.java","getSystemContext","6"
"ActivityThread.java","createNewConfigAndUpdateIfNotNull","6"
"ActivityThread.java","getIntCoreSetting","6"
"ActivityThread.java","scheduleLowMemory","1"
"ActivityThread.java","handleDestroyActivity","61"
"ActivityThread.java","dispatchPackageBroadcast","1"
"ActivityThread.java","getConfiguration","1"
"ActivityThread.java","handleUnbindService","21"
"ActivityThread.java","handleSystemApplicationInfoChanged","2"
"ActivityThread.java","performActivityConfigurationChanged","61"
"ActivityThread.java","deleteDeprecatedDataPath","12"
"ActivityThread.java","handleEnterAnimationComplete","4"
"ActivityThread.java","scheduleDestroyBackupAgent","5"
"ActivityThread.java","handleStartBinderTracking","1"
"ActivityThread.java","handleMessage","181"
"ActivityThread.java","getIntentBeingBroadcast","1"
"ActivityThread.java","getExecutor","1"
"ActivityThread.java","initializeMainlineModules","2"
"ActivityThread.java","installContentProviders","23"
"ActivityThread.java","getInstrumentation","1"
"ActivityThread.java","isPreP","1"
"ActivityThread.java","handleInstallProvider","6"
"ActivityThread.java","unlink","5"
"ActivityThread.java","handleAttachAgent","7"
"ActivityThread.java","freeTextLayoutCachesIfNeeded","9"
"ActivityThread.java","getApplicationThread","1"
"ActivityThread.java","handleLocalVoiceInteractionStarted","10"
"ActivityTransitionState.java","startExitOutTransition","19"
"ActivityTransitionState.java","readState","9"
"ActivityTransitionState.java","startPostponedEnterTransition","6"
"ActivityTransitionState.java","saveState","8"
"ActivityTransitionState.java","addExitTransitionCoordinator","14"
"ActivityTransitionState.java","clear","8"
"ActivityTransitionState.java","run","8"
"ActivityTransitionState.java","setEnterActivityOptions","21"
"ActivityTransitionState.java","startExitBackTransition","35"
"ActivityTransitionState.java","postponeEnterTransition","1"
"ActivityTransitionState.java","onResume","21"
"ActivityTransitionState.java","enterReady","20"
"ActivityTransitionState.java","getPendingExitNames","4"
"ActivityTransitionState.java","restoreExitedViews","4"
"ActivityTransitionState.java","isTransitionRunning","17"
"ActivityTransitionState.java","startEnter","14"
"ActivityTransitionState.java","onStop","9"
"ActivityTransitionState.java","restoreReenteringViews","6"
"ActivityConfigurationChangeItem.java","obtain","9"
"ActivityConfigurationChangeItem.java","preExecute","3"
"ActivityConfigurationChangeItem.java","hashCode","1"
"ActivityConfigurationChangeItem.java","equals","8"
"ActivityConfigurationChangeItem.java","recycle","2"
"ActivityConfigurationChangeItem.java","newArray","1"
"ActivityConfigurationChangeItem.java","createFromParcel","1"
"ActivityConfigurationChangeItem.java","toString","1"
"ActivityConfigurationChangeItem.java","execute","4"
"ActivityConfigurationChangeItem.java","writeToParcel","1"
"ActivityLifecycleItem.java","getTargetState","0"
"ActivityLifecycleItem.java","recycle","0"
"ActivityRelaunchItem.java","obtain","10"
"ActivityRelaunchItem.java","preExecute","1"
"ActivityRelaunchItem.java","hashCode","7"
"ActivityRelaunchItem.java","equals","8"
"ActivityRelaunchItem.java","recycle","7"
"ActivityRelaunchItem.java","newArray","1"
"ActivityRelaunchItem.java","createFromParcel","1"
"ActivityRelaunchItem.java","toString","1"
"ActivityRelaunchItem.java","postExecute","1"
"ActivityRelaunchItem.java","execute","8"
"ActivityRelaunchItem.java","writeToParcel","5"
"ActivityResultItem.java","obtain","6"
"ActivityResultItem.java","hashCode","1"
"ActivityResultItem.java","equals","8"
"ActivityResultItem.java","recycle","2"
"ActivityResultItem.java","newArray","1"
"ActivityResultItem.java","createFromParcel","1"
"ActivityResultItem.java","toString","1"
"ActivityResultItem.java","execute","3"
"ActivityResultItem.java","writeToParcel","1"
"ActivityTransitionCoordinator.java","copyMappedViews","1"
"ActivityTransitionCoordinator.java","pauseInput","5"
"ActivityTransitionCoordinator.java","mapSharedElements","12"
"ActivityTransitionCoordinator.java","getOldSharedElementState","26"
"ActivityTransitionCoordinator.java","transitionStarted","1"
"ActivityTransitionCoordinator.java","showView","7"
"ActivityTransitionCoordinator.java","isViewsTransitionComplete","1"
"ActivityTransitionCoordinator.java","onTransitionEnd","1"
"ActivityTransitionCoordinator.java","hideViews","8"
"ActivityTransitionCoordinator.java","getFadeDuration","1"
"ActivityTransitionCoordinator.java","createSnapshots","28"
"ActivityTransitionCoordinator.java","configureTransition","7"
"ActivityTransitionCoordinator.java","noLayoutSuppressionForVisibilityTransitions","10"
"ActivityTransitionCoordinator.java","getView","1"
"ActivityTransitionCoordinator.java","isInTransitionGroup","9"
"ActivityTransitionCoordinator.java","getAcceptedNames","1"
"ActivityTransitionCoordinator.java","getViewsTransition","0"
"ActivityTransitionCoordinator.java","notifySharedElementEnd","3"
"ActivityTransitionCoordinator.java","onTransitionsComplete","0"
"ActivityTransitionCoordinator.java","startTransition","6"
"ActivityTransitionCoordinator.java","onPreDraw","8"
"ActivityTransitionCoordinator.java","getSharedElementParentMatrix","16"
"ActivityTransitionCoordinator.java","onTransitionStart","6"
"ActivityTransitionCoordinator.java","sharedElementTransitionComplete","2"
"ActivityTransitionCoordinator.java","isTransitionRunning","1"
"ActivityTransitionCoordinator.java","scheduleGhostVisibilityChange","6"
"ActivityTransitionCoordinator.java","stripOffscreenViews","11"
"ActivityTransitionCoordinator.java","mergeTransitions","10"
"ActivityTransitionCoordinator.java","getWindow","1"
"ActivityTransitionCoordinator.java","backgroundAnimatorComplete","1"
"ActivityTransitionCoordinator.java","setSharedElementState","17"
"ActivityTransitionCoordinator.java","setTargets","30"
"ActivityTransitionCoordinator.java","captureSharedElementState","29"
"ActivityTransitionCoordinator.java","viewsTransitionComplete","2"
"ActivityTransitionCoordinator.java","moveSharedElementWithParent","1"
"ActivityTransitionCoordinator.java","setEpicenter","1"
"ActivityTransitionCoordinator.java","setResultReceiver","1"
"ActivityTransitionCoordinator.java","cancelPendingTransitions","2"
"ActivityTransitionCoordinator.java","moveSharedElementsFromOverlay","18"
"ActivityTransitionCoordinator.java","setOriginalSharedElementState","17"
"ActivityTransitionCoordinator.java","scheduleSetSharedElementEnd","6"
"ActivityTransitionCoordinator.java","moveSharedElementsToOverlay","25"
"ActivityTransitionCoordinator.java","onViewAttachedToWindow","1"
"ActivityTransitionCoordinator.java","onViewDetachedFromWindow","1"
"ActivityTransitionCoordinator.java","setSharedElements","16"
"ActivityTransitionCoordinator.java","setGhostVisibility","7"
"ActivityTransitionCoordinator.java","getDecor","1"
"ActivityTransitionCoordinator.java","setSharedElementMatrices","15"
"ActivityTransitionCoordinator.java","isNested","11"
"ActivityTransitionCoordinator.java","startInputWhenTransitionsComplete","10"
"ActivityTransitionCoordinator.java","onGetEpicenter","1"
"ActivityTransitionCoordinator.java","removeExcludedViews","4"
"ActivityTransitionCoordinator.java","scaleTypeToInt","6"
"ActivityTransitionCoordinator.java","removeListener","6"
"ActivityTransitionCoordinator.java","viewsReady","13"
"ActivityTransitionCoordinator.java","clearState","10"
"ActivityTransitionCoordinator.java","setTransitioningViewsVisiblity","11"
"ActivityTransitionCoordinator.java","getMappedNames","5"
"ActivityTransitionCoordinator.java","findIncludedViews","23"
"ActivityTransitionCoordinator.java","showViews","4"
"ActivityTaskManager.java","removeAllVisibleRecentTasks","5"
"ActivityTaskManager.java","getDefaultAppRecentsLimitStatic","1"
"ActivityTaskManager.java","requestPictureInPictureMode","5"
"ActivityTaskManager.java","moveTopActivityToPinnedStack","5"
"ActivityTaskManager.java","removeStacksWithActivityTypes","5"
"ActivityTaskManager.java","getMaxRecentTasksStatic","4"
"ActivityTaskManager.java","supportsMultiWindow","4"
"ActivityTaskManager.java","resizeDockedStack","5"
"ActivityTaskManager.java","getService","1"
"ActivityTaskManager.java","resizeTask","5"
"ActivityTaskManager.java","listAllStacks","13"
"ActivityTaskManager.java","create","2"
"ActivityTaskManager.java","setDisplayToSingleTaskInstance","5"
"ActivityTaskManager.java","setTaskWindowingModeSplitScreenPrimary","5"
"ActivityTaskManager.java","clearLaunchParamsForPackages","5"
"ActivityTaskManager.java","removeStacksInWindowingModes","5"
"ActivityTaskManager.java","supportsSplitScreenMultiWindow","1"
"ActivityTaskManager.java","stopSystemLockTaskMode","5"
"ActivityTaskManager.java","currentUiModeSupportsErrorDialogs","2"
"ActivityTaskManager.java","setTaskWindowingMode","5"
"ActivityTaskManager.java","getMaxAppRecentsLimitStatic","1"
"ActivityTaskManager.java","moveTaskToStack","5"
"ActivityTaskManager.java","startSystemLockTaskMode","5"
"ActivityGroup.java","onCreate","3"
"ActivityGroup.java","onDestroy","2"
"ActivityGroup.java","dispatchActivityResult","14"
"ActivityGroup.java","onSaveInstanceState","5"
"ActivityGroup.java","onPause","2"
"ActivityGroup.java","onRetainNonConfigurationChildInstances","1"
"ActivityGroup.java","getCurrentActivity","1"
"ActivityGroup.java","onResume","2"
"ActivityGroup.java","onStop","2"
"ActivityGroup.java","getLocalActivityManager","1"
"ActivityOptions.java","getAnimSpecs","1"
"ActivityOptions.java","hideWhenDone","13"
"ActivityOptions.java","getResultCode","1"
"ActivityOptions.java","setLaunchWindowingMode","1"
"ActivityOptions.java","getTaskOverlay","1"
"ActivityOptions.java","setRemoteAnimationAdapter","1"
"ActivityOptions.java","setCallerDisplayId","2"
"ActivityOptions.java","getPendingIntentLaunchFlags","1"
"ActivityOptions.java","getAvoidMoveToFront","1"
"ActivityOptions.java","run","1"
"ActivityOptions.java","getSpecsFuture","1"
"ActivityOptions.java","hideSharedElements","2"
"ActivityOptions.java","getThumbnail","1"
"ActivityOptions.java","getLaunchTaskId","1"
"ActivityOptions.java","startSharedElementAnimation","12"
"ActivityOptions.java","getSplitScreenCreateMode","1"
"ActivityOptions.java","onTransitionEnd","3"
"ActivityOptions.java","getTaskAlwaysOnTop","1"
"ActivityOptions.java","setSplitScreenCreateMode","1"
"ActivityOptions.java","setAppVerificationBundle","2"
"ActivityOptions.java","setLaunchBounds","2"
"ActivityOptions.java","getCustomEnterResId","1"
"ActivityOptions.java","getUsageTimeReport","1"
"ActivityOptions.java","setApplyActivityFlagsForBubbles","1"
"ActivityOptions.java","getSharedElementNames","1"
"ActivityOptions.java","makeScaleUpAnimation","10"
"ActivityOptions.java","sendResult","7"
"ActivityOptions.java","makeThumbnailAnimation","10"
"ActivityOptions.java","getLaunchActivityType","1"
"ActivityOptions.java","getResultReceiver","1"
"ActivityOptions.java","canTaskOverlayResume","1"
"ActivityOptions.java","setOnAnimationStartedListener","15"
"ActivityOptions.java","isReturning","1"
"ActivityOptions.java","getAnimationFinishedListener","1"
"ActivityOptions.java","getLaunchBounds","1"
"ActivityOptions.java","disallowEnterPictureInPictureWhileLaunching","1"
"ActivityOptions.java","onAnimationStarted","0"
"ActivityOptions.java","makeSceneTransitionAnimation","9"
"ActivityOptions.java","makeTaskLaunchBehind","3"
"ActivityOptions.java","setTaskAlwaysOnTop","1"
"ActivityOptions.java","abort","3"
"ActivityOptions.java","setAvoidMoveToFront","1"
"ActivityOptions.java","makeBasic","2"
"ActivityOptions.java","forTargetActivity","6"
"ActivityOptions.java","getLaunchTaskBehind","1"
"ActivityOptions.java","getPackageName","1"
"ActivityOptions.java","makeMultiThumbFutureAspectScaleAnimation","6"
"ActivityOptions.java","setPendingIntentLaunchFlags","1"
"ActivityOptions.java","makeRemoteAnimation","4"
"ActivityOptions.java","getRotationAnimationHint","1"
"ActivityOptions.java","getCustomExitResId","1"
"ActivityOptions.java","requestUsageTimeReport","1"
"ActivityOptions.java","getExitCoordinatorKey","1"
"ActivityOptions.java","onAnimationFinished","0"
"ActivityOptions.java","getStartX","1"
"ActivityOptions.java","getAnimationStartedListener","1"
"ActivityOptions.java","getStartY","1"
"ActivityOptions.java","update","73"
"ActivityOptions.java","makeCustomAnimation","3"
"ActivityOptions.java","setOnAnimationFinishedListener","15"
"ActivityOptions.java","getWidth","1"
"ActivityOptions.java","setLaunchDisplayId","2"
"ActivityOptions.java","getLaunchWindowingMode","1"
"ActivityOptions.java","makeClipRevealAnimation","9"
"ActivityOptions.java","popAppVerificationBundle","3"
"ActivityOptions.java","getHeight","1"
"ActivityOptions.java","getCustomInPlaceResId","1"
"ActivityOptions.java","getRemoteAnimationAdapter","1"
"ActivityOptions.java","setLaunchTaskId","1"
"ActivityOptions.java","getAnimationType","1"
"ActivityOptions.java","setDisallowEnterPictureInPictureWhileLaunching","1"
"ActivityOptions.java","isCrossTask","1"
"ActivityOptions.java","getCallerDisplayId","1"
"ActivityOptions.java","makeCustomInPlaceAnimation","8"
"ActivityOptions.java","setRotationAnimationHint","1"
"ActivityOptions.java","makeThumbnailAspectScaleDownAnimation","7"
"ActivityOptions.java","makeOpenCrossProfileAppsAnimation","3"
"ActivityOptions.java","fromBundle","1"
"ActivityOptions.java","stopSharedElementAnimation","13"
"ActivityOptions.java","setFreezeRecentTasksReordering","1"
"ActivityOptions.java","setExitTransitionTimeout","1"
"ActivityOptions.java","setLockTaskEnabled","2"
"ActivityOptions.java","setTaskOverlay","2"
"ActivityOptions.java","isApplyActivityFlagsForBubbles","1"
"ActivityOptions.java","makeAspectScaledThumbnailAnimation","12"
"ActivityOptions.java","makeThumbnailScaleUpAnimation","1"
"ActivityOptions.java","setLaunchTaskDisplayArea","2"
"ActivityOptions.java","getLockTaskMode","1"
"ActivityOptions.java","getLaunchDisplayId","1"
"ActivityOptions.java","toString","1"
"ActivityOptions.java","getLaunchTaskDisplayArea","1"
"ActivityOptions.java","setLaunchActivityType","1"
"ActivityOptions.java","freezeRecentTasksReordering","1"
"ActivityOptions.java","toBundle","127"
"ActivityOptions.java","getResultData","1"
"ActivityChooserView.java","showPopupUnchecked","30"
"ActivityChooserView.java","getViewTypeCount","1"
"ActivityChooserView.java","setShowFooterView","4"
"ActivityChooserView.java","setExpandActivityOverflowButtonContentDescription","2"
"ActivityChooserView.java","setInitialActivityCount","1"
"ActivityChooserView.java","onClick","15"
"ActivityChooserView.java","setOnDismissListener","1"
"ActivityChooserView.java","setProvider","1"
"ActivityChooserView.java","setDataModel","9"
"ActivityChooserView.java","getItemViewType","5"
"ActivityChooserView.java","setDefaultActionButtonContentDescription","1"
"ActivityChooserView.java","getItem","12"
"ActivityChooserView.java","getPopup","1"
"ActivityChooserView.java","startActivity","8"
"ActivityChooserView.java","onForwardingStarted","2"
"ActivityChooserView.java","getListPopupWindow","9"
"ActivityChooserView.java","getItemId","1"
"ActivityChooserView.java","isShowingPopup","1"
"ActivityChooserView.java","getShowDefaultActivity","1"
"ActivityChooserView.java","onGlobalLayout","10"
"ActivityChooserView.java","showPopup","6"
"ActivityChooserView.java","updateAppearance","28"
"ActivityChooserView.java","setExpandActivityOverflowButtonDrawable","1"
"ActivityChooserView.java","getActivityCount","1"
"ActivityChooserView.java","getCount","10"
"ActivityChooserView.java","getView","32"
"ActivityChooserView.java","onAttachedToWindow","6"
"ActivityChooserView.java","onForwardingStopped","2"
"ActivityChooserView.java","setShowDefaultActivity","5"
"ActivityChooserView.java","onDismiss","4"
"ActivityChooserView.java","onChanged","2"
"ActivityChooserView.java","setMaxActivityCount","4"
"ActivityChooserView.java","onLayout","4"
"ActivityChooserView.java","onItemClick","32"
"ActivityChooserView.java","onMeasure","9"
"ActivityChooserView.java","getDataModel","1"
"ActivityChooserView.java","onInvalidated","2"
"ActivityChooserView.java","getHistorySize","1"
"ActivityChooserView.java","measureContentWidth","16"
"ActivityChooserView.java","dismissPopup","8"
"ActivityChooserView.java","onLongClick","9"
"ActivityChooserView.java","setActivityChooserModel","5"
"ActivityChooserView.java","getDefaultActivity","1"
"ActivityChooserView.java","onInitializeAccessibilityNodeInfo","2"
"ActivityChooserView.java","onDetachedFromWindow","13"
"ActivityChooserView.java","notifyOnDismissListener","3"
"ActivityChooserModel.java","setOnChooseActivityListener","3"
"ActivityChooserModel.java","ensureConsistentState","7"
"ActivityChooserModel.java","persistHistoricalDataIfNeeded","10"
"ActivityChooserModel.java","compareTo","1"
"ActivityChooserModel.java","setHistoryMaxSize","10"
"ActivityChooserModel.java","readHistoricalDataIfNeeded","7"
"ActivityChooserModel.java","chooseActivity","21"
"ActivityChooserModel.java","hashCode","1"
"ActivityChooserModel.java","get","8"
"ActivityChooserModel.java","doInBackground","48"
"ActivityChooserModel.java","getIntent","3"
"ActivityChooserModel.java","getActivityCount","4"
"ActivityChooserModel.java","getHistoryMaxSize","3"
"ActivityChooserModel.java","setIntent","8"
"ActivityChooserModel.java","getActivity","4"
"ActivityChooserModel.java","readHistoricalDataImpl","58"
"ActivityChooserModel.java","onChooseActivity","0"
"ActivityChooserModel.java","getActivityIndex","12"
"ActivityChooserModel.java","sort","26"
"ActivityChooserModel.java","getHistorySize","4"
"ActivityChooserModel.java","setDefaultActivity","15"
"ActivityChooserModel.java","addHisoricalRecord","9"
"ActivityChooserModel.java","loadActivitiesIfNeeded","15"
"ActivityChooserModel.java","onSomePackagesChanged","1"
"ActivityChooserModel.java","setActivitySorter","9"
"ActivityChooserModel.java","equals","14"
"ActivityChooserModel.java","finalize","2"
"ActivityChooserModel.java","toString","6"
"ActivityChooserModel.java","setActivityChooserModel","0"
"ActivityChooserModel.java","getDefaultActivity","7"
"ActivityChooserModel.java","sortActivitiesIfNeeded","5"
"ActivityChooserModel.java","pruneExcessiveHistoricalRecordsIfNeeded","11"
"ActivityInfo.java","isFixedOrientationLandscape","1"
"ActivityInfo.java","hasSpecifiedSize","1"
"ActivityInfo.java","isPreserveOrientationMode","1"
"ActivityInfo.java","hasFixedAspectRatio","1"
"ActivityInfo.java","screenOrientationToString","38"
"ActivityInfo.java","isFixedOrientation","1"
"ActivityInfo.java","isFixedOrientationPortrait","1"
"ActivityInfo.java","newArray","1"
"ActivityInfo.java","createFromParcel","1"
"ActivityInfo.java","activityInfoConfigNativeToJava","7"
"ActivityInfo.java","describeContents","1"
"ActivityInfo.java","getThemeResource","1"
"ActivityInfo.java","colorModeToString","10"
"ActivityInfo.java","isResizeableMode","1"
"ActivityInfo.java","persistableModeToString","10"
"ActivityInfo.java","supportsPictureInPicture","1"
"ActivityInfo.java","toString","1"
"ActivityInfo.java","activityInfoConfigJavaToNative","7"
"ActivityInfo.java","dump","36"
"ActivityInfo.java","getRealConfigChanged","1"
"ActivityInfo.java","writeToParcel","8"
"ActivityInfo.java","isTranslucentOrFloating","3"
"ActivityInfo.java","resizeModeToString","18"
"ActivityInfo.java","lockTaskLaunchModeToString","12"
"ActivityEvent.java","getComponentName","1"
"ActivityEvent.java","getEventType","1"
"ActivityEvent.java","newArray","1"
"ActivityEvent.java","toString","1"
"ActivityEvent.java","createFromParcel","3"
"ActivityEvent.java","getTypeAsString","12"
"ActivityEvent.java","describeContents","1"
"ActivityEvent.java","writeToParcel","2"
