"WindowConfiguration.java","canReceiveKeys","1"
"WindowConfiguration.java","updateFrom","31"
"WindowConfiguration.java","getRotation","1"
"WindowConfiguration.java","dumpDebug","10"
"WindowConfiguration.java","alwaysOnTopToString","9"
"WindowConfiguration.java","setWindowingMode","1"
"WindowConfiguration.java","canResizeTask","1"
"WindowConfiguration.java","isAlwaysOnTop","7"
"WindowConfiguration.java","getAppBounds","1"
"WindowConfiguration.java","compareTo","48"
"WindowConfiguration.java","unset","1"
"WindowConfiguration.java","hasMovementAnimations","1"
"WindowConfiguration.java","getBounds","1"
"WindowConfiguration.java","tasksAreFloating","1"
"WindowConfiguration.java","hashCode","11"
"WindowConfiguration.java","getActivityType","1"
"WindowConfiguration.java","isFloating","1"
"WindowConfiguration.java","getWindowingMode","1"
"WindowConfiguration.java","hasWindowShadow","1"
"WindowConfiguration.java","isSplitScreenWindowingMode","1"
"WindowConfiguration.java","readFromProto","24"
"WindowConfiguration.java","windowsAreScaleable","1"
"WindowConfiguration.java","supportSplitScreenWindowingMode","1"
"WindowConfiguration.java","windowingModeToString","17"
"WindowConfiguration.java","newArray","1"
"WindowConfiguration.java","createFromParcel","1"
"WindowConfiguration.java","diff","24"
"WindowConfiguration.java","keepVisibleDeadAppWindowOnScreen","1"
"WindowConfiguration.java","readFromParcel","7"
"WindowConfiguration.java","setAppBounds","4"
"WindowConfiguration.java","setRotation","1"
"WindowConfiguration.java","hasWindowDecorCaption","1"
"WindowConfiguration.java","activityTypeToString","15"
"WindowConfiguration.java","describeContents","1"
"WindowConfiguration.java","setBounds","5"
"WindowConfiguration.java","setDisplayWindowingMode","1"
"WindowConfiguration.java","getDisplayWindowingMode","1"
"WindowConfiguration.java","persistTaskBounds","1"
"WindowConfiguration.java","setToDefaults","7"
"WindowConfiguration.java","useWindowFrameForBackdrop","1"
"WindowConfiguration.java","equals","8"
"WindowConfiguration.java","setAlwaysOnTop","1"
"WindowConfiguration.java","setTo","21"
"WindowConfiguration.java","setActivityType","10"
"WindowConfiguration.java","toString","1"
"WindowConfiguration.java","inMultiWindowMode","1"
"WindowConfiguration.java","writeToParcel","7"
"WindowContext.java","getSystemService","4"
"WindowContext.java","release","9"
"WindowContext.java","createBaseWindowContext","2"
"WindowContext.java","destroy","3"
"WindowContext.java","finalize","2"
"WindowTokenClient.java","attachContext","6"
"WindowTokenClient.java","onConfigurationChanged","15"
"WindowTokenClient.java","onWindowTokenRemoved","7"
"WindowContainerTransaction.java","getBoundsChangeSurfaceBounds","1"
"WindowContainerTransaction.java","scheduleFinishEnterPip","4"
"WindowContainerTransaction.java","setWindowingMode","3"
"WindowContainerTransaction.java","reorder","2"
"WindowContainerTransaction.java","getToTop","1"
"WindowContainerTransaction.java","getConfiguration","1"
"WindowContainerTransaction.java","getChanges","1"
"WindowContainerTransaction.java","setHidden","4"
"WindowContainerTransaction.java","merge","26"
"WindowContainerTransaction.java","getEnterPipBounds","1"
"WindowContainerTransaction.java","getChangeMask","1"
"WindowContainerTransaction.java","isReparent","1"
"WindowContainerTransaction.java","getWindowingMode","1"
"WindowContainerTransaction.java","reparent","2"
"WindowContainerTransaction.java","getConfigSetMask","1"
"WindowContainerTransaction.java","getWindowSetMask","1"
"WindowContainerTransaction.java","getBoundsChangeTransaction","1"
"WindowContainerTransaction.java","setSmallestScreenWidthDp","4"
"WindowContainerTransaction.java","getHidden","4"
"WindowContainerTransaction.java","getContainer","1"
"WindowContainerTransaction.java","setBoundsChangeTransaction","7"
"WindowContainerTransaction.java","setFocusable","4"
"WindowContainerTransaction.java","newArray","1"
"WindowContainerTransaction.java","createFromParcel","1"
"WindowContainerTransaction.java","setAppBounds","5"
"WindowContainerTransaction.java","getHierarchyOps","1"
"WindowContainerTransaction.java","setBounds","5"
"WindowContainerTransaction.java","describeContents","1"
"WindowContainerTransaction.java","setScreenSizeDp","5"
"WindowContainerTransaction.java","getNewParent","1"
"WindowContainerTransaction.java","getActivityWindowingMode","1"
"WindowContainerTransaction.java","getOrCreateChange","6"
"WindowContainerTransaction.java","toString","5"
"WindowContainerTransaction.java","getFocusable","4"
"WindowContainerTransaction.java","setActivityWindowingMode","3"
"WindowContainerTransaction.java","writeToParcel","3"
"WindowOrganizer.java","takeScreenshot","10"
"WindowOrganizer.java","applyTransaction","5"
"WindowOrganizer.java","applySyncTransaction","5"
"WindowOrganizer.java","getWindowOrganizerController","1"
"WindowOrganizer.java","create","5"
"WindowMetricsHelper.java","getBoundsExcludingNavigationBarAndCutout","14"
"WindowContainerToken.java","asBinder","1"
"WindowContainerToken.java","hashCode","1"
"WindowContainerToken.java","equals","4"
"WindowContainerToken.java","newArray","1"
"WindowContainerToken.java","createFromParcel","1"
"WindowContainerToken.java","writeToParcel","1"
"WindowContainerToken.java","describeContents","1"
"WindowContainerTransactionCallback.java","onTransactionReady","1"
"WindowInsetsAnimationControlListener.java","onCancelled","0"
"WindowInsetsAnimationControlListener.java","onFinished","0"
"WindowInsetsAnimationControlListener.java","onReady","0"
"WindowMetrics.java","getWindowInsets","1"
"WindowMetrics.java","getBounds","1"
"WindowManagerGlobal_Delegate.java","setWindowManagerService","1"
"WindowManagerGlobal_Delegate.java","getWindowManagerService","1"
"WindowInfo.java","obtain","21"
"WindowInfo.java","recycle","2"
"WindowInfo.java","clear","13"
"WindowInfo.java","initFromParcel","19"
"WindowInfo.java","newArray","1"
"WindowInfo.java","toString","17"
"WindowInfo.java","createFromParcel","3"
"WindowInfo.java","describeContents","1"
"WindowInfo.java","writeToParcel","18"
"ViewGroupOverlay.java","add","1"
"ViewGroupOverlay.java","remove","1"
"Window.java","addPrivateFlags","1"
"Window.java","superDispatchTrackballEvent","0"
"Window.java","getSharedElementEnterTransition","1"
"Window.java","getExitTransition","1"
"Window.java","onSearchRequested","0"
"Window.java","setUiOptions","0"
"Window.java","setLayout","4"
"Window.java","superDispatchGenericMotionEvent","0"
"Window.java","setExitTransition","0"
"Window.java","setWindowManager","7"
"Window.java","getDecorView","0"
"Window.java","addSystemFlags","1"
"Window.java","shouldCloseOnTouch","5"
"Window.java","dispatchGenericMotionEvent","0"
"Window.java","onContentApplyWindowInsets","0"
"Window.java","dispatchPopulateAccessibilityEvent","0"
"Window.java","getWindowControllerCallback","1"
"Window.java","setRestrictedCaptionAreaListener","2"
"Window.java","getCallback","1"
"Window.java","setSharedElementEnterTransition","0"
"Window.java","addScrollCaptureCallback","0"
"Window.java","setPreferMinimalPostProcessing","2"
"Window.java","getReturnTransition","1"
"Window.java","hasFeature","1"
"Window.java","superDispatchKeyEvent","0"
"Window.java","onWindowAttributesChanged","0"
"Window.java","setDimAmount","4"
"Window.java","setTransitionBackgroundFadeDuration","0"
"Window.java","setOnWindowSwipeDismissedCallback","1"
"Window.java","setTransitionManager","1"
"Window.java","dispatchKeyEvent","0"
"Window.java","getCurrentFocus","0"
"Window.java","requireViewById","5"
"Window.java","setFormat","9"
"Window.java","setVolumeControlStream","0"
"Window.java","setDecorCaptionShade","0"
"Window.java","dispatchOnWindowSwipeDismissed","3"
"Window.java","onAttachedToWindow","0"
"Window.java","onPointerCaptureChanged","0"
"Window.java","setDecorFitsSystemWindows","0"
"Window.java","getStatusBarBackgroundView","1"
"Window.java","onActionModeFinished","0"
"Window.java","setFeatureInt","0"
"Window.java","onCreatePanelView","0"
"Window.java","setGravity","3"
"Window.java","onPanelClosed","0"
"Window.java","isWideColorGamut","1"
"Window.java","dispatchTrackballEvent","0"
"Window.java","setFeatureDrawableAlpha","0"
"Window.java","hasChildren","1"
"Window.java","addContentView","0"
"Window.java","setCallback","1"
"Window.java","updateStatusBarColor","0"
"Window.java","restoreHierarchyState","0"
"Window.java","getElevation","1"
"Window.java","adjustLayoutParamsForSubWindow","57"
"Window.java","takeSurface","0"
"Window.java","getWindowManager","1"
"Window.java","addFlags","1"
"Window.java","openPanel","0"
"Window.java","getStatusBarColor","0"
"Window.java","setBackgroundDrawableResource","1"
"Window.java","setLocalFocus","0"
"Window.java","getSharedElementReturnTransition","1"
"Window.java","getSystemGestureExclusionRects","1"
"Window.java","dispatchKeyShortcutEvent","0"
"Window.java","setStatusBarColor","0"
"Window.java","superDispatchTouchEvent","0"
"Window.java","isDestroyed","1"
"Window.java","setTitle","0"
"Window.java","closePanel","0"
"Window.java","peekDecorView","0"
"Window.java","setDefaultIcon","0"
"Window.java","setColorMode","3"
"Window.java","setClipToOutline","0"
"Window.java","removeScrollCaptureCallback","0"
"Window.java","setDefaultWindowFormat","6"
"Window.java","isNavigationBarContrastEnforced","1"
"Window.java","notifyRestrictedCaptionAreaCallback","4"
"Window.java","setTitleColor","0"
"Window.java","setChildInt","0"
"Window.java","setSystemGestureExclusionRects","1"
"Window.java","isShortcutKey","0"
"Window.java","setStatusBarContrastEnforced","0"
"Window.java","dispatchTouchEvent","0"
"Window.java","saveHierarchyState","0"
"Window.java","onActionModeStarted","0"
"Window.java","clearFlags","1"
"Window.java","enterPictureInPictureModeIfPossible","0"
"Window.java","setSharedElementsUseOverlay","0"
"Window.java","haveDimAmount","1"
"Window.java","setFeatureDrawable","0"
"Window.java","setType","3"
"Window.java","reportActivityRelaunched","0"
"Window.java","setSoftInputMode","8"
"Window.java","takeKeyEvents","0"
"Window.java","setResizingCaptionDrawable","0"
"Window.java","getNavigationBarColor","0"
"Window.java","findViewById","1"
"Window.java","setReturnTransition","0"
"Window.java","alwaysReadCloseOnTouchAttr","0"
"Window.java","isTaskRoot","0"
"Window.java","hasSoftInputMode","1"
"Window.java","setOnWindowDismissedCallback","1"
"Window.java","takeInputQueue","0"
"Window.java","onWindowStartingActionMode","0"
"Window.java","getAttributes","1"
"Window.java","getWindowStyle","6"
"Window.java","getContainer","1"
"Window.java","destroy","1"
"Window.java","makeActive","8"
"Window.java","isOverlayWithDecorCaptionEnabled","1"
"Window.java","dispatchOnWindowDismissed","3"
"Window.java","setBackgroundDrawable","0"
"Window.java","getFeatures","1"
"Window.java","removeFeature","3"
"Window.java","setNavigationBarDividerColor","0"
"Window.java","setTheme","0"
"Window.java","onCreatePanelMenu","0"
"Window.java","dispatchWindowAttributesChanged","3"
"Window.java","getAllowEnterTransitionOverlap","1"
"Window.java","onPreparePanel","0"
"Window.java","clearContentView","0"
"Window.java","getLocalFeatures","1"
"Window.java","setReenterTransition","0"
"Window.java","getDefaultFeatures","9"
"Window.java","removeOnFrameMetricsAvailableListener","4"
"Window.java","getSharedElementExitTransition","1"
"Window.java","performPanelShortcut","0"
"Window.java","getNavigationBarBackgroundView","1"
"Window.java","getLayoutInflater","0"
"Window.java","invalidatePanelMenu","0"
"Window.java","injectInputEvent","0"
"Window.java","setLogo","0"
"Window.java","getTransitionBackgroundFadeDuration","1"
"Window.java","onMenuOpened","0"
"Window.java","setElevation","0"
"Window.java","toggleFreeformWindowingMode","0"
"Window.java","isStatusBarContrastEnforced","1"
"Window.java","onWindowDismissed","0"
"Window.java","setMediaController","0"
"Window.java","setContainer","7"
"Window.java","setSustainedPerformanceMode","1"
"Window.java","addOnFrameMetricsAvailableListener","8"
"Window.java","getVolumeControlStream","0"
"Window.java","getAllowReturnTransitionOverlap","1"
"Window.java","onRestrictedCaptionAreaChanged","0"
"Window.java","setAllowEnterTransitionOverlap","0"
"Window.java","getColorMode","1"
"Window.java","isOutOfBounds","5"
"Window.java","isActive","1"
"Window.java","closeAllPanels","0"
"Window.java","getEnterTransition","1"
"Window.java","onProvideKeyboardShortcuts","0"
"Window.java","requestFeature","4"
"Window.java","getTransitionManager","1"
"Window.java","onWindowSwipeDismissed","0"
"Window.java","setCloseOnTouchOutside","2"
"Window.java","getReenterTransition","1"
"Window.java","getSharedElementReenterTransition","1"
"Window.java","setChildDrawable","0"
"Window.java","setIcon","0"
"Window.java","updateNavigationBarColor","0"
"Window.java","setNavigationBarColor","0"
"Window.java","setNavigationBarContrastEnforced","0"
"Window.java","togglePanel","0"
"Window.java","getMediaController","1"
"Window.java","requestScrollCapture","0"
"Window.java","onContentChanged","0"
"Window.java","onConfigurationChanged","0"
"Window.java","setFeatureDrawableResource","0"
"Window.java","setFlags","4"
"Window.java","onMultiWindowModeChanged","0"
"Window.java","setPrivateFlags","3"
"Window.java","setOverlayWithDecorCaptionEnabled","1"
"Window.java","setFeatureDrawableUri","0"
"Window.java","setAttributes","2"
"Window.java","superDispatchKeyShortcutEvent","0"
"Window.java","setSharedElementExitTransition","0"
"Window.java","isFloating","0"
"Window.java","getContentScene","1"
"Window.java","performPanelIdentifierAction","0"
"Window.java","onFrameMetricsAvailable","0"
"Window.java","onActive","0"
"Window.java","performContextMenuIdentifierAction","0"
"Window.java","setSharedElementReturnTransition","0"
"Window.java","setDefaultLogo","0"
"Window.java","onWindowFocusChanged","0"
"Window.java","onMenuItemSelected","0"
"Window.java","setWindowControllerCallback","1"
"Window.java","getSharedElementsUseOverlay","1"
"Window.java","onPictureInPictureModeChanged","0"
"Window.java","setAllowReturnTransitionOverlap","0"
"Window.java","getNavigationBarDividerColor","1"
"Window.java","getForcedWindowFlags","1"
"Window.java","setContentView","0"
"Window.java","getInsetsController","1"
"Window.java","setCloseOnTouchOutsideIfNotSet","4"
"Window.java","setEnterTransition","0"
"Window.java","setSharedElementReenterTransition","0"
"Window.java","onDetachedFromWindow","0"
"Window.java","getContext","1"
"Window.java","setWindowAnimations","3"
"WindowContentFrameStats.java","init","4"
"WindowContentFrameStats.java","newArray","1"
"WindowContentFrameStats.java","getFrameReadyTimeNano","4"
"WindowContentFrameStats.java","toString","7"
"WindowContentFrameStats.java","createFromParcel","1"
"WindowContentFrameStats.java","getFramePostedTimeNano","4"
"WindowContentFrameStats.java","describeContents","1"
"WindowContentFrameStats.java","writeToParcel","4"
"WindowManagerGlobal.java","useBLAST","1"
"WindowManagerGlobal.java","removeViewLocked","12"
"WindowManagerGlobal.java","dumpGfxInfo","32"
"WindowManagerGlobal.java","trimMemory","17"
"WindowManagerGlobal.java","getRootViews","28"
"WindowManagerGlobal.java","run","5"
"WindowManagerGlobal.java","closeAllExceptView","14"
"WindowManagerGlobal.java","getWindowName","1"
"WindowManagerGlobal.java","shouldDestroyEglContext","9"
"WindowManagerGlobal.java","getWindowManagerService","14"
"WindowManagerGlobal.java","getWindowViews","3"
"WindowManagerGlobal.java","updateViewLayout","15"
"WindowManagerGlobal.java","doTrimForeground","14"
"WindowManagerGlobal.java","onAnimatorScaleChanged","1"
"WindowManagerGlobal.java","getViewRootNames","8"
"WindowManagerGlobal.java","getWindowSession","21"
"WindowManagerGlobal.java","trimForeground","4"
"WindowManagerGlobal.java","closeAll","2"
"WindowManagerGlobal.java","addView","74"
"WindowManagerGlobal.java","getWindowView","10"
"WindowManagerGlobal.java","doRemoveView","19"
"WindowManagerGlobal.java","peekWindowSession","3"
"WindowManagerGlobal.java","setStoppedState","31"
"WindowManagerGlobal.java","removeView","12"
"WindowManagerGlobal.java","findViewLocked","5"
"WindowManagerGlobal.java","getRootView","8"
"WindowManagerGlobal.java","changeCanvasOpacity","11"
"WindowManagerGlobal.java","initialize","1"
"WindowManagerGlobal.java","getInstance","6"
"WindowManagerGlobal.java","reportNewConfiguration","8"
"WindowInspector.java","getGlobalWindowViews","1"
"WindowlessWindowManager.java","performDrag","1"
"WindowlessWindowManager.java","setWallpaperDisplayOffset","0"
"WindowlessWindowManager.java","getSurfaceControl","9"
"WindowlessWindowManager.java","getSurfaceHeight","2"
"WindowlessWindowManager.java","startMovingTask","1"
"WindowlessWindowManager.java","isOpaque","4"
"WindowlessWindowManager.java","setInsets","0"
"WindowlessWindowManager.java","finishMovingTask","0"
"WindowlessWindowManager.java","dragRecipientExited","0"
"WindowlessWindowManager.java","updateTapExcludeRegion","0"
"WindowlessWindowManager.java","remove","11"
"WindowlessWindowManager.java","performHapticFeedback","1"
"WindowlessWindowManager.java","updatePointerIcon","0"
"WindowlessWindowManager.java","setShouldZoomOutWallpaper","0"
"WindowlessWindowManager.java","setTouchRegion","20"
"WindowlessWindowManager.java","cancelDragAndDrop","0"
"WindowlessWindowManager.java","setWallpaperZoomOut","0"
"WindowlessWindowManager.java","getDisplayFrame","0"
"WindowlessWindowManager.java","setCompletionCallback","4"
"WindowlessWindowManager.java","addToDisplayAsUser","1"
"WindowlessWindowManager.java","prepareToReplaceWindows","0"
"WindowlessWindowManager.java","reportSystemGestureExclusionChanged","0"
"WindowlessWindowManager.java","setConfiguration","1"
"WindowlessWindowManager.java","wallpaperOffsetsComplete","0"
"WindowlessWindowManager.java","getSurfaceWidth","2"
"WindowlessWindowManager.java","onRectangleOnScreenRequested","0"
"WindowlessWindowManager.java","addToDisplayWithoutInputChannel","1"
"WindowlessWindowManager.java","reportDropResult","0"
"WindowlessWindowManager.java","insetsModified","0"
"WindowlessWindowManager.java","asBinder","1"
"WindowlessWindowManager.java","finishDrawing","10"
"WindowlessWindowManager.java","grantInputChannel","0"
"WindowlessWindowManager.java","pokeDrawLock","0"
"WindowlessWindowManager.java","finished","0"
"WindowlessWindowManager.java","relayout","31"
"WindowlessWindowManager.java","addToDisplay","14"
"WindowlessWindowManager.java","setInTouchMode","0"
"WindowlessWindowManager.java","updateInputChannel","0"
"WindowlessWindowManager.java","setWallpaperPosition","0"
"WindowlessWindowManager.java","dragRecipientEntered","0"
"WindowlessWindowManager.java","reparentDisplayContent","0"
"WindowlessWindowManager.java","getInTouchMode","1"
"WindowlessWindowManager.java","wallpaperCommandComplete","0"
"WindowlessWindowManager.java","sendWallpaperCommand","1"
"WindowlessWindowManager.java","outOfMemory","1"
"WindowlessWindowManager.java","setTransparentRegion","0"
"WindowlessWindowManager.java","getWindowId","1"
"WindowlessWindowManager.java","updateDisplayContentLocation","0"
"WindowManagerPolicyConstants.java","onReasonToString","10"
"WindowManagerPolicyConstants.java","offReasonToString","10"
"WindowManagerPolicyConstants.java","onPointerEvent","0"
"WindowInsetsAnimationController.java","isCancelled","0"
"WindowInsetsAnimationController.java","getShownStateInsets","0"
"WindowInsetsAnimationController.java","getCurrentFraction","0"
"WindowInsetsAnimationController.java","isReady","1"
"WindowInsetsAnimationController.java","getCurrentInsets","0"
"WindowInsetsAnimationController.java","hasZeroInsetsIme","0"
"WindowInsetsAnimationController.java","finish","0"
"WindowInsetsAnimationController.java","getTypes","0"
"WindowInsetsAnimationController.java","setInsetsAndAlpha","0"
"WindowInsetsAnimationController.java","isFinished","0"
"WindowInsetsAnimationController.java","getCurrentAlpha","0"
"WindowInsetsAnimationController.java","getHiddenStateInsets","0"
"WindowAnimationFrameStats.java","init","2"
"WindowAnimationFrameStats.java","newArray","1"
"WindowAnimationFrameStats.java","toString","7"
"WindowAnimationFrameStats.java","createFromParcel","1"
"WindowAnimationFrameStats.java","describeContents","1"
"WindowAnimationFrameStats.java","writeToParcel","2"
"ViewGroup.java","dispatchDisplayHint","6"
"ViewGroup.java","getChildStaticTransformation","1"
"ViewGroup.java","dispatchCapturedPointerEvent","10"
"ViewGroup.java","generateLayoutParams","1"
"ViewGroup.java","onResolvePointerIcon","43"
"ViewGroup.java","cancelAndClearTouchTargets","17"
"ViewGroup.java","getNumChildrenForAccessibility","10"
"ViewGroup.java","getChildVisibleRect","47"
"ViewGroup.java","setLayoutAnimation","4"
"ViewGroup.java","indexOfChild","8"
"ViewGroup.java","addTouchTarget","4"
"ViewGroup.java","setAlwaysDrawnWithCacheEnabled","1"
"ViewGroup.java","requestTransitionStart","4"
"ViewGroup.java","findViewByAutofillIdTraversal","14"
"ViewGroup.java","isLayoutModeOptical","1"
"ViewGroup.java","getClipChildren","1"
"ViewGroup.java","cleanupLayoutState","1"
"ViewGroup.java","findNamedViews","9"
"ViewGroup.java","resetResolvedLayoutDirection","8"
"ViewGroup.java","setLayoutDirection","11"
"ViewGroup.java","hasHoveredChild","1"
"ViewGroup.java","recycle","2"
"ViewGroup.java","obtainMotionEventNoHistoryOrSelf","4"
"ViewGroup.java","getMarginStart","12"
"ViewGroup.java","dispatchApplyWindowInsets","9"
"ViewGroup.java","jumpDrawablesToCurrentState","6"
"ViewGroup.java","onStopNestedScroll","3"
"ViewGroup.java","removePointersFromTouchTargets","20"
"ViewGroup.java","getNestedScrollAxes","1"
"ViewGroup.java","findChildWithAccessibilityFocus","17"
"ViewGroup.java","onCreateDrawableState","19"
"ViewGroup.java","isTransformedTouchPointInView","9"
"ViewGroup.java","onChildViewRemoved","0"
"ViewGroup.java","addChildrenForAccessibility","19"
"ViewGroup.java","dispatchMovedToDisplay","6"
"ViewGroup.java","setChildrenDrawingCacheEnabled","7"
"ViewGroup.java","hasBooleanFlag","1"
"ViewGroup.java","initViewGroup","16"
"ViewGroup.java","makeOptionalFitsSystemWindows","6"
"ViewGroup.java","addViewInLayout","7"
"ViewGroup.java","showContextMenuForChild","9"
"ViewGroup.java","notifySubtreeAccessibilityStateChanged","11"
"ViewGroup.java","dispatchGetDisplayList","27"
"ViewGroup.java","clearChildFocus","7"
"ViewGroup.java","buildTouchDispatchChildList","1"
"ViewGroup.java","getChildCount","1"
"ViewGroup.java","removeView","4"
"ViewGroup.java","setLayoutAnimationListener","1"
"ViewGroup.java","dispatchSetPressed","11"
"ViewGroup.java","dispatchViewAdded","4"
"ViewGroup.java","focusableViewAvailable","12"
"ViewGroup.java","hasFocusableChild","12"
"ViewGroup.java","measureChild","4"
"ViewGroup.java","clearDisappearingChildren","13"
"ViewGroup.java","offsetChildrenTopAndBottom","16"
"ViewGroup.java","getTempRect","4"
"ViewGroup.java","getFocusedChild","1"
"ViewGroup.java","dispatchKeyEvent","16"
"ViewGroup.java","handleFocusGainInternal","6"
"ViewGroup.java","encodeProperties","12"
"ViewGroup.java","populateChildrenForContentCapture","15"
"ViewGroup.java","removeAllViews","3"
"ViewGroup.java","addStatesFromChildren","1"
"ViewGroup.java","getCustomView","1"
"ViewGroup.java","onDebugDrawMargins","4"
"ViewGroup.java","decrementChildUnhandledKeyListeners","6"
"ViewGroup.java","getMenu","1"
"ViewGroup.java","notifyAnimationListener","13"
"ViewGroup.java","checkLayoutParams","1"
"ViewGroup.java","findViewsWithText","9"
"ViewGroup.java","buildOrderedChildList","24"
"ViewGroup.java","dispatchWindowSystemUiVisiblityChanged","7"
"ViewGroup.java","updateViewLayout","7"
"ViewGroup.java","dispatchCollectViewAttributes","9"
"ViewGroup.java","dispatchAttachedToWindow","14"
"ViewGroup.java","onAttachedToWindow","2"
"ViewGroup.java","dispatchSaveInstanceState","9"
"ViewGroup.java","removeViewInternal","50"
"ViewGroup.java","getPersistentDrawingCache","1"
"ViewGroup.java","clearFocus","10"
"ViewGroup.java","setClipToPadding","4"
"ViewGroup.java","clearCachedLayoutMode","3"
"ViewGroup.java","setDescendantFocusability","10"
"ViewGroup.java","compareBoundsOfTree","67"
"ViewGroup.java","onInterceptHoverEvent","9"
"ViewGroup.java","onStartNestedScroll","1"
"ViewGroup.java","getChildrenForAutofill","3"
"ViewGroup.java","bindLayoutAnimation","2"
"ViewGroup.java","isTransitionGroup","6"
"ViewGroup.java","getChildAt","1"
"ViewGroup.java","dispatchResolvePointerIcon","13"
"ViewGroup.java","dispatchSetActivated","5"
"ViewGroup.java","hasTransientState","1"
"ViewGroup.java","dispatchSystemUiVisibilityChanged","7"
"ViewGroup.java","getTouchscreenBlocksFocus","1"
"ViewGroup.java","requestDisallowInterceptTouchEvent","13"
"ViewGroup.java","hasDefaultFocus","1"
"ViewGroup.java","fillDifference","8"
"ViewGroup.java","dispatchRestoreInstanceState","9"
"ViewGroup.java","encode","3"
"ViewGroup.java","setMargins","11"
"ViewGroup.java","focusSearch","9"
"ViewGroup.java","dispatchTrackballEvent","16"
"ViewGroup.java","onViewAdded","0"
"ViewGroup.java","isLayoutSuppressed","1"
"ViewGroup.java","isLayoutRtl","1"
"ViewGroup.java","getSubtitle","1"
"ViewGroup.java","onChildViewAdded","0"
"ViewGroup.java","run","1"
"ViewGroup.java","dispatchWindowFocusChanged","6"
"ViewGroup.java","detachViewFromParent","1"
"ViewGroup.java","endViewTransition","18"
"ViewGroup.java","fillRect","13"
"ViewGroup.java","getAndVerifyPreorderedView","10"
"ViewGroup.java","newDispatchApplyWindowInsets","5"
"ViewGroup.java","dispatchDetachedFromWindow","30"
"ViewGroup.java","dispatchVisibilityAggregated","12"
"ViewGroup.java","dispatchVisibilityChanged","6"
"ViewGroup.java","hasWindowInsetsAnimationCallback","17"
"ViewGroup.java","onSetLayoutParams","1"
"ViewGroup.java","cancelTouchTarget","21"
"ViewGroup.java","getTransientViewIndex","4"
"ViewGroup.java","finish","0"
"ViewGroup.java","findViewWithTagTraversal","15"
"ViewGroup.java","gatherTransparentRegion","31"
"ViewGroup.java","resolveDrawables","8"
"ViewGroup.java","attachLayoutAnimationParameters","7"
"ViewGroup.java","brokenDispatchApplyWindowInsets","8"
"ViewGroup.java","finishAnimatingView","22"
"ViewGroup.java","getLayoutAnimation","1"
"ViewGroup.java","dispatchKeyShortcutEvent","6"
"ViewGroup.java","resolveTextAlignment","11"
"ViewGroup.java","findViewTraversal","15"
"ViewGroup.java","resetResolvedPadding","8"
"ViewGroup.java","setLayoutTransition","9"
"ViewGroup.java","onDescendantUnbufferedRequested","19"
"ViewGroup.java","setTitle","0"
"ViewGroup.java","setPersistentDrawingCache","1"
"ViewGroup.java","getChildMeasureSpec","61"
"ViewGroup.java","getMarginEnd","12"
"ViewGroup.java","addDisappearingView","5"
"ViewGroup.java","getDescendantFocusability","1"
"ViewGroup.java","subtractObscuredTouchableRegion","23"
"ViewGroup.java","getMenuInflater","1"
"ViewGroup.java","resetSubtreeAccessibilityStateChanged","6"
"ViewGroup.java","resetResolvedTextDirection","8"
"ViewGroup.java","shouldBlockFocusForTouchscreen","4"
"ViewGroup.java","dispatchSetSelected","5"
"ViewGroup.java","removeAllViewsInLayout","46"
"ViewGroup.java","removeDetachedView","24"
"ViewGroup.java","setTouchscreenBlocksFocus","14"
"ViewGroup.java","onNestedScroll","2"
"ViewGroup.java","removeViewAt","3"
"ViewGroup.java","drawRectCorners","4"
"ViewGroup.java","startViewTransition","6"
"ViewGroup.java","dispatchViewRemoved","4"
"ViewGroup.java","setClipChildren","11"
"ViewGroup.java","invalidateInheritedLayoutMode","8"
"ViewGroup.java","dispatchTouchEvent","169"
"ViewGroup.java","restoreDefaultFocus","4"
"ViewGroup.java","notifySubtreeAccessibilityStateChangedIfNeeded","13"
"ViewGroup.java","getOverlay","4"
"ViewGroup.java","getClipToPadding","1"
"ViewGroup.java","setAddStatesFromChildren","6"
"ViewGroup.java","findFocus","10"
"ViewGroup.java","dispatchFreezeSelfOnly","1"
"ViewGroup.java","shouldDelayChildPressedState","1"
"ViewGroup.java","exitTooltipHoverTargets","7"
"ViewGroup.java","getAndVerifyPreorderedIndex","11"
"ViewGroup.java","exitHoverTargets","7"
"ViewGroup.java","invalidateChildInParent","34"
"ViewGroup.java","hasFocusable","17"
"ViewGroup.java","dispatchStartTemporaryDetach","6"
"ViewGroup.java","suppressLayout","7"
"ViewGroup.java","dispatchUnhandledKeyEvent","29"
"ViewGroup.java","onDescendantInvalidated","25"
"ViewGroup.java","layout","9"
"ViewGroup.java","getLayoutDirection","1"
"ViewGroup.java","recreateChildDisplayList","4"
"ViewGroup.java","setChildrenDrawingOrderEnabled","1"
"ViewGroup.java","isShowingContextMenuWithCoords","1"
"ViewGroup.java","updateLocalSystemUiVisibility","8"
"ViewGroup.java","getScrollIndicatorBounds","10"
"ViewGroup.java","setTouchscreenBlocksFocusNoRefocus","5"
"ViewGroup.java","addExtraDataToAccessibilityNodeInfo","5"
"ViewGroup.java","sizeToString","7"
"ViewGroup.java","removeTransientView","16"
"ViewGroup.java","getAccessibilityClassName","1"
"ViewGroup.java","resolveTextDirection","11"
"ViewGroup.java","doResolveMargins","26"
"ViewGroup.java","detachViewsFromParent","1"
"ViewGroup.java","dispatchDragEnterExitInPreN","10"
"ViewGroup.java","drawChild","1"
"ViewGroup.java","createSnapshot","22"
"ViewGroup.java","resetResolvedDrawables","8"
"ViewGroup.java","clearTouchTargets","9"
"ViewGroup.java","applyOpToRegionByBounds","5"
"ViewGroup.java","removeViewsInLayout","1"
"ViewGroup.java","init","6"
"ViewGroup.java","dispatchWindowInsetsAnimationPrepare","15"
"ViewGroup.java","dispatchProvideAutofillStructure","19"
"ViewGroup.java","dispatchThawSelfOnly","1"
"ViewGroup.java","measureChildren","8"
"ViewGroup.java","setBooleanFlag","5"
"ViewGroup.java","onLayout","0"
"ViewGroup.java","getTransformedMotionEvent","8"
"ViewGroup.java","startTransition","5"
"ViewGroup.java","setBaseAttributes","2"
"ViewGroup.java","setOnHierarchyChangeListener","1"
"ViewGroup.java","attachViewToParent","13"
"ViewGroup.java","setTransitionGroup","6"
"ViewGroup.java","dispatchScrollCaptureSearch","15"
"ViewGroup.java","addFocusables","35"
"ViewGroup.java","dispatchGenericPointerEvent","25"
"ViewGroup.java","addTransientView","29"
"ViewGroup.java","computeOpticalInsets","19"
"ViewGroup.java","dispatchPointerCaptureChanged","7"
"ViewGroup.java","resolveLayoutDirection","7"
"ViewGroup.java","dispatchCancelPendingInputEvents","6"
"ViewGroup.java","dispatchGenericFocusedEvent","7"
"ViewGroup.java","bringChildToFront","8"
"ViewGroup.java","getTransientViewCount","1"
"ViewGroup.java","resolveRtlPropertiesIfNeeded","12"
"ViewGroup.java","offsetRectIntoDescendantCoords","1"
"ViewGroup.java","childDrawableStateChanged","3"
"ViewGroup.java","unFocus","9"
"ViewGroup.java","makeFrameworkOptionalFitsSystemWindows","6"
"ViewGroup.java","dispatchWindowInsetsAnimationProgress","9"
"ViewGroup.java","measureChildWithMargins","4"
"ViewGroup.java","setMotionEventSplittingEnabled","8"
"ViewGroup.java","notifyChildOfDragStart","24"
"ViewGroup.java","onDebugDraw","2"
"ViewGroup.java","startLayoutAnimation","4"
"ViewGroup.java","setLayoutMode","5"
"ViewGroup.java","isMarginRelative","1"
"ViewGroup.java","dispatchDraw","111"
"ViewGroup.java","captureTransitioningViews","12"
"ViewGroup.java","transformPointToViewLocal","5"
"ViewGroup.java","setSubtitle","0"
"ViewGroup.java","hasFocus","1"
"ViewGroup.java","removeViewsInternal","48"
"ViewGroup.java","onNestedFling","2"
"ViewGroup.java","offsetDescendantRectToMyCoords","1"
"ViewGroup.java","setAnimationCacheEnabled","1"
"ViewGroup.java","getTempPoint","4"
"ViewGroup.java","destroyHardwareResources","5"
"ViewGroup.java","onChildVisibilityChanged","22"
"ViewGroup.java","dispatchHoverEvent","170"
"ViewGroup.java","getTempLocationF","4"
"ViewGroup.java","addView","12"
"ViewGroup.java","dispatchUnhandledMove","1"
"ViewGroup.java","getTouchTarget","6"
"ViewGroup.java","setMarginEnd","2"
"ViewGroup.java","onNestedPreFling","2"
"ViewGroup.java","getDeepestFocusedChild","8"
"ViewGroup.java","dispatchWindowInsetsAnimationStart","9"
"ViewGroup.java","resolvePadding","8"
"ViewGroup.java","onNestedScrollAccepted","1"
"ViewGroup.java","getLayoutMode","5"
"ViewGroup.java","resetCancelNextUpFlag","5"
"ViewGroup.java","findViewByPredicateTraversal","15"
"ViewGroup.java","onRequestSendAccessibilityEvent","5"
"ViewGroup.java","getChildDrawingOrder","1"
"ViewGroup.java","isChildrenDrawnWithCacheEnabled","1"
"ViewGroup.java","resetTouchState","4"
"ViewGroup.java","restoreFocusNotInCluster","25"
"ViewGroup.java","copyMarginsFrom","7"
"ViewGroup.java","touchAccessibilityNodeProviderIfNeeded","3"
"ViewGroup.java","onNestedPreScroll","2"
"ViewGroup.java","cancelHoverTarget","21"
"ViewGroup.java","populateChildrenForAutofill","15"
"ViewGroup.java","sign","1"
"ViewGroup.java","isChildrenDrawingOrderEnabled","1"
"ViewGroup.java","compareTo","11"
"ViewGroup.java","onViewRemoved","0"
"ViewGroup.java","setDefaultFocus","8"
"ViewGroup.java","isViewTransitioning","1"
"ViewGroup.java","startActionModeForChild","21"
"ViewGroup.java","getTitle","1"
"ViewGroup.java","invalidateChild","79"
"ViewGroup.java","requestTransparentRegion","6"
"ViewGroup.java","restoreFocusInClusterInternal","4"
"ViewGroup.java","dispatchProvideStructure","72"
"ViewGroup.java","getLayoutAnimationListener","1"
"ViewGroup.java","dispatchDrawableHotspotChanged","19"
"ViewGroup.java","scheduleLayoutAnimation","1"
"ViewGroup.java","dispatchTransformedTouchEvent","59"
"ViewGroup.java","getLayoutTransition","1"
"ViewGroup.java","drawCorner","2"
"ViewGroup.java","obtain","6"
"ViewGroup.java","dispatchKeyEventPreIme","6"
"ViewGroup.java","clearFocusedInCluster","9"
"ViewGroup.java","drawableStateChanged","14"
"ViewGroup.java","initFromAttributes","54"
"ViewGroup.java","onRequestSendAccessibilityEventInternal","1"
"ViewGroup.java","getTransientView","4"
"ViewGroup.java","setCustomView","0"
"ViewGroup.java","restoreFocusInCluster","12"
"ViewGroup.java","detachAllViewsFromParent","10"
"ViewGroup.java","isMotionEventSplittingEnabled","1"
"ViewGroup.java","sort","12"
"ViewGroup.java","dispatchFinishTemporaryDetach","6"
"ViewGroup.java","requestChildRectangleOnScreen","1"
"ViewGroup.java","dispatchProvideContentCaptureStructure","10"
"ViewGroup.java","removeFromArray","24"
"ViewGroup.java","internalSetPadding","6"
"ViewGroup.java","setWindowInsetsAnimationCallback","2"
"ViewGroup.java","requestChildFocus","18"
"ViewGroup.java","removeViews","3"
"ViewGroup.java","dispatchConfigurationChanged","6"
"ViewGroup.java","childHasTransientStateChanged","14"
"ViewGroup.java","hasChildWithZ","5"
"ViewGroup.java","onRequestFocusInDescendants","23"
"ViewGroup.java","pointInHoveredChild","4"
"ViewGroup.java","onInterceptTouchEvent","4"
"ViewGroup.java","requestFocus","28"
"ViewGroup.java","dispatchWindowInsetsAnimationEnd","8"
"ViewGroup.java","dispatchDragEvent","129"
"ViewGroup.java","setComparisonStrategy","1"
"ViewGroup.java","setMarginsRelative","5"
"ViewGroup.java","offsetRectBetweenParentAndChild","40"
"ViewGroup.java","canAnimate","1"
"ViewGroup.java","findViewByAccessibilityIdTraversal","17"
"ViewGroup.java","generateDefaultLayoutParams","1"
"ViewGroup.java","clearDefaultFocus","18"
"ViewGroup.java","resolveLayoutParams","6"
"ViewGroup.java","incrementChildUnhandledKeyListeners","6"
"ViewGroup.java","setStaticTransformationsEnabled","1"
"ViewGroup.java","dispatchScreenStateChanged","6"
"ViewGroup.java","removeViewInLayout","1"
"ViewGroup.java","isAnimationCacheEnabled","1"
"ViewGroup.java","recomputeViewAttributes","5"
"ViewGroup.java","addViewInner","77"
"ViewGroup.java","findFrontmostDroppableChildAt","12"
"ViewGroup.java","getChildrenForContentCapture","3"
"ViewGroup.java","onNestedPrePerformAccessibilityAction","1"
"ViewGroup.java","resetResolvedTextAlignment","8"
"ViewGroup.java","onInitializeAccessibilityNodeInfoInternal","16"
"ViewGroup.java","setChildrenDrawnWithCacheEnabled","1"
"ViewGroup.java","addKeyboardNavigationClusters","33"
"ViewGroup.java","getChildTransformation","4"
"ViewGroup.java","debug","1"
"ViewGroup.java","dispatchActivityResult","11"
"ViewGroup.java","hasUnhandledKeyListener","1"
"ViewGroup.java","isAlwaysDrawnWithCacheEnabled","1"
"ViewGroup.java","dispatchWindowVisibilityChanged","6"
"ViewGroup.java","clear","3"
"ViewGroup.java","invalidate","0"
"ViewGroup.java","addTouchables","9"
"ViewGroup.java","dispatchTooltipHoverEvent","13"
"ViewGroup.java","dispatchTransformedScrollCaptureSearch","28"
"ViewGroup.java","dispatchTransformedGenericPointerEvent","13"
"ViewGroup.java","requestSendAccessibilityEvent","9"
"ViewGroup.java","addInArray","27"
"ViewGroup.java","endTransition","7"
"ViewGroup.java","getLocalPoint","3"
"ViewGroup.java","onDetachedFromWindow","2"
"ViewGroup.java","drawRect","21"
"ViewGroup.java","dispatchPopulateAccessibilityEventInternal","24"
"ViewGroup.java","setMarginStart","2"
"WindowCallbackWrapper.java","dispatchKeyShortcutEvent","1"
"WindowCallbackWrapper.java","onMenuOpened","1"
"WindowCallbackWrapper.java","dispatchTrackballEvent","1"
"WindowCallbackWrapper.java","dispatchPopulateAccessibilityEvent","1"
"WindowCallbackWrapper.java","onWindowFocusChanged","1"
"WindowCallbackWrapper.java","onPointerCaptureChanged","1"
"WindowCallbackWrapper.java","dispatchKeyEvent","1"
"WindowCallbackWrapper.java","onMenuItemSelected","1"
"WindowCallbackWrapper.java","onSearchRequested","1"
"WindowCallbackWrapper.java","onActionModeFinished","1"
"WindowCallbackWrapper.java","dispatchTouchEvent","1"
"WindowCallbackWrapper.java","onProvideKeyboardShortcuts","1"
"WindowCallbackWrapper.java","onActionModeStarted","1"
"WindowCallbackWrapper.java","onCreatePanelView","1"
"WindowCallbackWrapper.java","onCreatePanelMenu","1"
"WindowCallbackWrapper.java","onPanelClosed","1"
"WindowCallbackWrapper.java","dispatchGenericMotionEvent","1"
"WindowCallbackWrapper.java","onContentChanged","1"
"WindowCallbackWrapper.java","onWindowAttributesChanged","1"
"WindowCallbackWrapper.java","onDetachedFromWindow","1"
"WindowCallbackWrapper.java","onAttachedToWindow","1"
"WindowCallbackWrapper.java","onWindowStartingActionMode","1"
"WindowCallbackWrapper.java","onPreparePanel","1"
"WindowCallback.java","dispatchKeyShortcutEvent","1"
"WindowCallback.java","onMenuOpened","1"
"WindowCallback.java","dispatchTrackballEvent","1"
"WindowCallback.java","dispatchPopulateAccessibilityEvent","1"
"WindowCallback.java","onWindowFocusChanged","0"
"WindowCallback.java","dispatchKeyEvent","1"
"WindowCallback.java","onMenuItemSelected","1"
"WindowCallback.java","onSearchRequested","1"
"WindowCallback.java","onActionModeFinished","0"
"WindowCallback.java","dispatchTouchEvent","1"
"WindowCallback.java","onActionModeStarted","0"
"WindowCallback.java","onCreatePanelView","1"
"WindowCallback.java","onCreatePanelMenu","1"
"WindowCallback.java","onPanelClosed","0"
"WindowCallback.java","dispatchGenericMotionEvent","1"
"WindowCallback.java","onContentChanged","0"
"WindowCallback.java","onWindowAttributesChanged","0"
"WindowCallback.java","onDetachedFromWindow","0"
"WindowCallback.java","onAttachedToWindow","0"
"WindowCallback.java","onWindowStartingActionMode","1"
"WindowCallback.java","onPreparePanel","1"
"WindowId.java","unregisterFocusObserver","9"
"WindowId.java","focusGained","9"
"WindowId.java","onFocusLost","0"
"WindowId.java","handleMessage","10"
"WindowId.java","newArray","1"
"WindowId.java","createFromParcel","2"
"WindowId.java","isFocused","5"
"WindowId.java","describeContents","1"
"WindowId.java","getTarget","1"
"WindowId.java","focusLost","9"
"WindowId.java","onFocusGained","0"
"WindowId.java","hashCode","1"
"WindowId.java","equals","4"
"WindowId.java","registerFocusObserver","10"
"WindowId.java","toString","7"
"WindowId.java","writeToParcel","1"
"WindowInsets.java","consumeDisplayCutout","2"
"WindowInsets.java","getSystemWindowInsetRight","1"
"WindowInsets.java","getTappableElementInsets","1"
"WindowInsets.java","getStableInsetLeft","1"
"WindowInsets.java","getSystemWindowInsetsAsRect","6"
"WindowInsets.java","statusBars","1"
"WindowInsets.java","getStableInsetBottom","1"
"WindowInsets.java","shouldAlwaysConsumeSystemBars","1"
"WindowInsets.java","getStableInsets","1"
"WindowInsets.java","getSystemWindowInsetTop","1"
"WindowInsets.java","indexOf","22"
"WindowInsets.java","setVisible","7"
"WindowInsets.java","all","1"
"WindowInsets.java","systemGestures","1"
"WindowInsets.java","setInsetsIgnoringVisibility","7"
"WindowInsets.java","setTappableElementInsets","2"
"WindowInsets.java","isVisibleInsetsType","2"
"WindowInsets.java","getSystemWindowInsetBottom","1"
"WindowInsets.java","getSystemWindowInsets","6"
"WindowInsets.java","isVisible","9"
"WindowInsets.java","getStableInsetRight","1"
"WindowInsets.java","getMandatorySystemGestureInsets","1"
"WindowInsets.java","hasStableInsets","1"
"WindowInsets.java","setMandatorySystemGestureInsets","2"
"WindowInsets.java","displayCutoutCopyConstructorArgument","7"
"WindowInsets.java","getDisplayCutout","1"
"WindowInsets.java","ime","1"
"WindowInsets.java","setAlwaysConsumeSystemBars","2"
"WindowInsets.java","setInsets","4"
"WindowInsets.java","systemBars","1"
"WindowInsets.java","getSystemGestureInsets","1"
"WindowInsets.java","hasSystemWindowInsets","1"
"WindowInsets.java","setStableInsets","4"
"WindowInsets.java","displayCutout","1"
"WindowInsets.java","hasInsets","1"
"WindowInsets.java","isConsumed","1"
"WindowInsets.java","hashCode","1"
"WindowInsets.java","consumeStableInsets","1"
"WindowInsets.java","assignCompatInsets","2"
"WindowInsets.java","getStableInsetTop","1"
"WindowInsets.java","setSystemWindowInsets","4"
"WindowInsets.java","navigationBars","1"
"WindowInsets.java","replaceSystemWindowInsets","1"
"WindowInsets.java","getInsetsIgnoringVisibility","4"
"WindowInsets.java","isSystemWindowInsetsConsumed","1"
"WindowInsets.java","tappableElement","1"
"WindowInsets.java","mandatorySystemGestures","1"
"WindowInsets.java","inset","5"
"WindowInsets.java","isRound","1"
"WindowInsets.java","insetInsets","8"
"WindowInsets.java","setRound","2"
"WindowInsets.java","captionBar","1"
"WindowInsets.java","getInsets","1"
"WindowInsets.java","setSystemGestureInsets","2"
"WindowInsets.java","setDisplayCutout","9"
"WindowInsets.java","getSystemWindowInsetLeft","1"
"WindowInsets.java","createCompatVisibilityMap","11"
"WindowInsets.java","build","1"
"WindowInsets.java","equals","6"
"WindowInsets.java","toString","29"
"WindowInsets.java","consumeSystemWindowInsets","1"
"WindowInsets.java","createCompatTypeMap","6"
"WindowInsetsController.java","setSystemBarsBehavior","0"
"WindowInsetsController.java","onControllableInsetsChanged","0"
"WindowInsetsController.java","show","0"
"WindowInsetsController.java","setAnimationsDisabled","0"
"WindowInsetsController.java","getSystemBarsBehavior","0"
"WindowInsetsController.java","controlWindowInsetsAnimation","0"
"WindowInsetsController.java","hide","0"
"WindowInsetsController.java","addOnControllableInsetsChangedListener","0"
"WindowInsetsController.java","getState","0"
"WindowInsetsController.java","setCaptionInsetsHeight","0"
"WindowInsetsController.java","setSystemBarsAppearance","0"
"WindowInsetsController.java","isRequestedVisible","0"
"WindowInsetsController.java","removeOnControllableInsetsChangedListener","0"
"WindowInsetsController.java","getSystemBarsAppearance","0"
"WindowManager.java","rotationAnimationToString","14"
"WindowManager.java","setFitInsetsSides","2"
"WindowManager.java","layoutInDisplayCutoutModeToString","12"
"WindowManager.java","backup","9"
"WindowManager.java","getDefaultDisplay","0"
"WindowManager.java","onKeyboardShortcutsReceived","0"
"WindowManager.java","dumpDebug","32"
"WindowManager.java","mayUseInputMethod","1"
"WindowManager.java","scale","8"
"WindowManager.java","setSurfaceInsets","14"
"WindowManager.java","getColorMode","1"
"WindowManager.java","encodeProperties","7"
"WindowManager.java","shouldShowSystemDecors","1"
"WindowManager.java","getTitle","1"
"WindowManager.java","getFitInsetsSides","1"
"WindowManager.java","shouldShowIme","1"
"WindowManager.java","dumpDimensions","9"
"WindowManager.java","isSystemAlertWindowType","10"
"WindowManager.java","requestAppKeyboardShortcuts","0"
"WindowManager.java","getCurrentWindowMetrics","1"
"WindowManager.java","debug","7"
"WindowManager.java","restore","7"
"WindowManager.java","setShouldShowWithInsecureKeyguard","0"
"WindowManager.java","setFitInsetsIgnoringVisibility","2"
"WindowManager.java","setTitle","3"
"WindowManager.java","newArray","1"
"WindowManager.java","createFromParcel","1"
"WindowManager.java","setUserActivityTimeout","1"
"WindowManager.java","inputFeatureToString","10"
"WindowManager.java","getMaximumWindowMetrics","1"
"WindowManager.java","describeContents","1"
"WindowManager.java","copyFrom","189"
"WindowManager.java","removeViewImmediate","0"
"WindowManager.java","isFitInsetsIgnoringVisibility","1"
"WindowManager.java","setShouldShowIme","0"
"WindowManager.java","setColorMode","1"
"WindowManager.java","getUserActivityTimeout","1"
"WindowManager.java","getCurrentImeTouchRegion","0"
"WindowManager.java","toString","133"
"WindowManager.java","getFitInsetsTypes","1"
"WindowManager.java","writeToParcel","52"
"WindowManager.java","setShouldShowSystemDecors","0"
"WindowManager.java","setFitInsetsTypes","2"
"WindowManager.java","isFullscreen","1"
"WindowManager.java","softInputModeToString","50"
"ViewGroup_Delegate.java","getPathShadow","9"
"ViewGroup_Delegate.java","transformCanvas","30"
"ViewGroup_Delegate.java","drawChild","16"
"ViewGroup_Delegate.java","getElevation","1"
"ViewGroup_Delegate.java","drawShadow","35"
"WindowCallbacks.java","onRequestDraw","0"
"WindowCallbacks.java","onPostDraw","0"
"WindowCallbacks.java","onWindowSizeIsChanging","0"
"WindowCallbacks.java","onWindowDragResizeEnd","0"
"WindowCallbacks.java","onContentDrawn","0"
"WindowCallbacks.java","onWindowDragResizeStart","0"
"WindowManagerImpl.java","requestAppKeyboardShortcuts","12"
"WindowManagerImpl.java","getCurrentWindowMetrics","3"
"WindowManagerImpl.java","setShouldShowWithInsecureKeyguard","4"
"WindowManagerImpl.java","setDefaultToken","1"
"WindowManagerImpl.java","getDefaultDisplay","1"
"WindowManagerImpl.java","computeWindowInsets","8"
"WindowManagerImpl.java","addView","2"
"WindowManagerImpl.java","getMaximumWindowMetrics","2"
"WindowManagerImpl.java","getMaximumBounds","6"
"WindowManagerImpl.java","createPresentationWindowManager","1"
"WindowManagerImpl.java","applyDefaultToken","11"
"WindowManagerImpl.java","removeViewImmediate","1"
"WindowManagerImpl.java","createLocalWindowManager","1"
"WindowManagerImpl.java","removeView","1"
"WindowManagerImpl.java","shouldShowSystemDecors","5"
"WindowManagerImpl.java","setShouldShowIme","4"
"WindowManagerImpl.java","getCurrentBounds","3"
"WindowManagerImpl.java","shouldShowIme","5"
"WindowManagerImpl.java","getWindowInsetsFromServer","16"
"WindowManagerImpl.java","getCurrentImeTouchRegion","5"
"WindowManagerImpl.java","updateViewLayout","2"
"WindowManagerImpl.java","send","2"
"WindowManagerImpl.java","setShouldShowSystemDecors","4"
"WindowInsetsAnimation.java","onProgress","0"
"WindowInsetsAnimation.java","setFraction","1"
"WindowInsetsAnimation.java","onPrepare","0"
"WindowInsetsAnimation.java","inset","3"
"WindowInsetsAnimation.java","getInterpolatedFraction","4"
"WindowInsetsAnimation.java","setAlpha","1"
"WindowInsetsAnimation.java","getUpperBound","1"
"WindowInsetsAnimation.java","getAlpha","1"
"WindowInsetsAnimation.java","onStart","1"
"WindowInsetsAnimation.java","onEnd","0"
"WindowInsetsAnimation.java","getDispatchMode","1"
"WindowInsetsAnimation.java","getDurationMillis","1"
"WindowInsetsAnimation.java","getInterpolator","1"
"WindowInsetsAnimation.java","toString","1"
"WindowInsetsAnimation.java","getTypeMask","1"
"WindowInsetsAnimation.java","getLowerBound","1"
"WindowInsetsAnimation.java","getFraction","1"
